row,tr,tc,word_hex,byte0,byte1,byte2,byte3,byte4,byte5,byte6,byte7,byte8,byte9,byte10,byte11,byte12,byte13,byte14,byte15
0,0,0,0x150f040bef0011ed00fc10f109fe0902,21,15,4,11,-17,0,17,-19,0,-4,16,-15,9,-2,9,2
1,0,1,0x00140efb14081108060401f300f702f5,0,20,14,-5,20,8,17,8,6,4,1,-13,0,-9,2,-11
2,0,2,0xf0100df6f4fdf7fef407fc130ff9090f,-16,16,13,-10,-12,-3,-9,-2,-12,7,-4,19,15,-7,9,15
3,0,3,0xf2fd09f613040702eeedfc080ced0dee,-14,-3,9,-10,19,4,7,2,-18,-19,-4,8,12,-19,13,-18
4,0,4,0x0200fb03fceffffa04fe0213edf00e0b,2,0,-5,3,-4,-17,-1,-6,4,-2,2,19,-19,-16,14,11
5,0,5,0xf3110d0fef00050efaf9f60ff310050d,-13,17,13,15,-17,0,5,14,-6,-7,-10,15,-13,16,5,13
6,0,6,0xfdf0fdf50afdf712040a010bf80df0f8,-3,-16,-3,-11,10,-3,-9,18,4,10,1,11,-8,13,-16,-8
7,0,7,0xf1f7e7fcebfbf7fffafc0f0d040b0710,-15,-9,-25,-4,-21,-5,-9,-1,-6,-4,15,13,4,11,7,16
8,0,8,0x07eef10d150cf4ecf90f0df601f113ed,7,-18,-15,13,21,12,-12,-20,-7,15,13,-10,1,-15,19,-19
9,0,9,0xfd0306fcf3f4ee09f8ecf110f6010b08,-3,3,6,-4,-13,-12,-18,9,-8,-20,-15,16,-10,1,11,8
10,0,10,0x0e100006020fecf40bfef30a0bed0508,14,16,0,6,2,15,-20,-12,11,-2,-13,10,11,-19,5,8
11,0,11,0xf0f60603f6fcfe08f4f000f10bf51303,-16,-10,6,3,-10,-4,-2,8,-12,-16,0,-15,11,-11,19,3
12,0,12,0x0c0ceff810ef090a08fbfdfdef09f5ef,12,12,-17,-8,16,-17,9,10,8,-5,-3,-3,-17,9,-11,-17
13,0,13,0xf812fcf5fff60e02f408090ced090afc,-8,18,-4,-11,-1,-10,14,2,-12,8,9,12,-19,9,10,-4
14,0,14,0x09f1eff6fcfbfd0bee0f0411f40bebfb,9,-15,-17,-10,-4,-5,-3,11,-18,15,4,17,-12,11,-21,-5
15,0,15,0xfa01fe07040c07f10610f0f5f2010d11,-6,1,-2,7,4,12,7,-15,6,16,-16,-11,-14,1,13,17
16,0,16,0x130cee0b0a07040f13f7070113eff9ff,19,12,-18,11,10,7,4,15,19,-9,7,1,19,-17,-7,-1
17,0,17,0xf00311fcf207fb1403fefa110df90dec,-16,3,17,-4,-14,7,-5,20,3,-2,-6,17,13,-7,13,-20
18,0,18,0x01f8fa0a0710f814f70af612f1111004,1,-8,-6,10,7,16,-8,20,-9,10,-10,18,-15,17,16,4
19,0,19,0x0ef0f7050108f1f0ec06fe00ee04100a,14,-16,-9,5,1,8,-15,-16,-20,6,-2,0,-18,4,16,10
20,0,20,0x0a020e07feed131107f6ef0d0ffcf00e,10,2,14,7,-2,-19,19,17,7,-10,-17,13,15,-4,-16,14
21,0,21,0xf0030908f9fe01f8ee1305ee0a0bfeed,-16,3,9,8,-7,-2,1,-8,-18,19,5,-18,10,11,-2,-19
22,0,22,0x000ef4f8f511f7070fef0b0af4f009fc,0,14,-12,-8,-11,17,-9,7,15,-17,11,10,-12,-16,9,-4
23,0,23,0xeefd020c13f6f4f4f209f102fa0d03f2,-18,-3,2,12,19,-10,-12,-12,-14,9,-15,2,-6,13,3,-14
24,0,24,0xef120f050afb0c01f311fff9000c0aee,-17,18,15,5,10,-5,12,1,-13,17,-1,-7,0,12,10,-18
25,0,25,0xfef202eefb05f707f1120ef315fe0505,-2,-14,2,-18,-5,5,-9,7,-15,18,14,-13,21,-2,5,5
26,0,26,0xf3fb020fff1400fe06fbeef610edfeff,-13,-5,2,15,-1,20,0,-2,6,-5,-18,-10,16,-19,-2,-1
27,0,27,0xf409f1f8f5f906ef05fb050ef4ff0904,-12,9,-15,-8,-11,-7,6,-17,5,-5,5,14,-12,-1,9,4
28,0,28,0xf30ff7efec050d0714000b00ffff0b0c,-13,15,-9,-17,-20,5,13,7,20,0,11,0,-1,-1,11,12
29,0,29,0x01fff709020d0eeefe0cf5fff4f3ef07,1,-1,-9,9,2,13,14,-18,-2,12,-11,-1,-12,-13,-17,7
30,0,30,0xef15f3f60ef415fcfe0bfdf1f5f2f30c,-17,21,-13,-10,14,-12,21,-4,-2,11,-3,-15,-11,-14,-13,12
31,0,31,0xf5fd01fc0df3faff0403fef2fdf8060a,-11,-3,1,-4,13,-13,-6,-1,4,3,-2,-14,-3,-8,6,10
32,1,0,0x00fe0af9f51300fa13edf4f6f40ffd0b,0,-2,10,-7,-11,19,0,-6,19,-19,-12,-10,-12,15,-3,11
33,1,1,0x04eceefb000af7f813fffa110200100c,4,-20,-18,-5,0,10,-9,-8,19,-1,-6,17,2,0,16,12
34,1,2,0xec07f8f0f1090e0dfd0704f401090211,-20,7,-8,-16,-15,9,14,13,-3,7,4,-12,1,9,2,17
35,1,3,0x0cf413fafa060e0afe040b07f8f602ee,12,-12,19,-6,-6,6,14,10,-2,4,11,7,-8,-10,2,-18
36,1,4,0x08f112f706fffa13fff20e0f0014fa13,8,-15,18,-9,6,-1,-6,19,-1,-14,14,15,0,20,-6,19
37,1,5,0xf0f7fff81207fc04f5f706fc05fa0802,-16,-9,-1,-8,18,7,-4,4,-11,-9,6,-4,5,-6,8,2
38,1,6,0x0bedf3f2ffeb080800f401ff0309fe07,11,-19,-13,-14,-1,-21,8,8,0,-12,1,-1,3,9,-2,7
39,1,7,0x0709f40ff0fb000704ef080af50ff609,7,9,-12,15,-16,-5,0,7,4,-17,8,10,-11,15,-10,9
40,1,8,0xf40005fa0200fcf60a0ef307f415fef9,-12,0,5,-6,2,0,-4,-10,10,14,-13,7,-12,21,-2,-7
41,1,9,0xf705f5f40e14f1fc0bfbf40a10f603f2,-9,5,-11,-12,14,20,-15,-4,11,-5,-12,10,16,-10,3,-14
42,1,10,0xf3f211130af80a06000c0f11021101f1,-13,-14,17,19,10,-8,10,6,0,12,15,17,2,17,1,-15
43,1,11,0xee01f70b0d01fe0f140e0c0ef2fa090e,-18,1,-9,11,13,1,-2,15,20,14,12,14,-14,-6,9,14
44,1,12,0x0def03f9f0110e04fb000ef9fc0de90c,13,-17,3,-7,-16,17,14,4,-5,0,14,-7,-4,13,-23,12
45,1,13,0xfe05fbf9f9f00dfef4120a0101f0ff04,-2,5,-5,-7,-7,-16,13,-2,-12,18,10,1,1,-16,-1,4
46,1,14,0xfd05f0f3000112f7110d13051000fffe,-3,5,-16,-13,0,1,18,-9,17,13,19,5,16,0,-1,-2
47,1,15,0x0afdfa10f207f20505ee0e06fe10fe0e,10,-3,-6,16,-14,7,-14,5,5,-18,14,6,-2,16,-2,14
48,1,16,0x070d1001070b030f12f5f7f4fef9f410,7,13,16,1,7,11,3,15,18,-11,-9,-12,-2,-7,-12,16
49,1,17,0xfcfa17fc03ff10fc0cfcfff2fe0605fd,-4,-6,23,-4,3,-1,16,-4,12,-4,-1,-14,-2,6,5,-3
50,1,18,0xfdf70bed0b0909ff0603f407faf5fdfa,-3,-9,11,-19,11,9,9,-1,6,3,-12,7,-6,-11,-3,-6
51,1,19,0x13feeaf1f4110cedf6f4fef9f2f4f3fe,19,-2,-22,-15,-12,17,12,-19,-10,-12,-2,-7,-14,-12,-13,-2
52,1,20,0x0701f8f9fcf4fef6fff4f3fe08f2feef,7,1,-8,-7,-4,-12,-2,-10,-1,-12,-13,-2,8,-14,-2,-17
53,1,21,0xf411f516f7100beded0604ecf80701f0,-12,17,-11,22,-9,16,11,-19,-19,6,4,-20,-8,7,1,-16
54,1,22,0x0deefbf1ee030011091003ff020afbf6,13,-18,-5,-15,-18,3,0,17,9,16,3,-1,2,10,-5,-10
55,1,23,0x0af1f3f10e030a0e0cfe01f4f9f1f9f4,10,-15,-13,-15,14,3,10,14,12,-2,1,-12,-7,-15,-7,-12
56,1,24,0xeef703f314ed0602fa1208130513fdf2,-18,-9,3,-13,20,-19,6,2,-6,18,8,19,5,19,-3,-14
57,1,25,0xfdfaf90102f10e050b030b0815f614ff,-3,-6,-7,1,2,-15,14,5,11,3,11,8,21,-10,20,-1
58,1,26,0x0df20010ff09000a01f1f8fa020013f2,13,-14,0,16,-1,9,0,10,1,-15,-8,-6,2,0,19,-14
59,1,27,0xf10c09f5f703edf401fd0af1050d0507,-15,12,9,-11,-9,3,-19,-12,1,-3,10,-15,5,13,5,7
60,1,28,0x00f7ff130dff130a000ffb000d13f0eb,0,-9,-1,19,13,-1,19,10,0,15,-5,0,13,19,-16,-21
61,1,29,0xff050f1011feee0ef7f4fc1102f6f7fb,-1,5,15,16,17,-2,-18,14,-9,-12,-4,17,2,-10,-9,-5
62,1,30,0xf505ecf905f803f700f40c0ffb12feff,-11,5,-20,-7,5,-8,3,-9,0,-12,12,15,-5,18,-2,-1
63,1,31,0xf70412ed07f008f7100efe11ec10eef7,-9,4,18,-19,7,-16,8,-9,16,14,-2,17,-20,16,-18,-9
64,2,0,0x0408141309f8fefb110c16fe100aff01,4,8,20,19,9,-8,-2,-5,17,12,22,-2,16,10,-1,1
65,2,1,0xf906f610fafefb150c03f4edfb04ee0d,-7,6,-10,16,-6,-2,-5,21,12,3,-12,-19,-5,4,-18,13
66,2,2,0x0bf10606f302ecfc07f3f2fa110ff80e,11,-15,6,6,-13,2,-20,-4,7,-13,-14,-6,17,15,-8,14
67,2,3,0x060a06f0f4fafafff8f7fe060a091001,6,10,6,-16,-12,-6,-6,-1,-8,-9,-2,6,10,9,16,1
68,2,4,0x04f5f608f6080bfaf404f3ee0c0af4f4,4,-11,-10,8,-10,8,11,-6,-12,4,-13,-18,12,10,-12,-12
69,2,5,0xfcf712060ef70df200f20afe0e07050f,-4,-9,18,6,14,-9,13,-14,0,-14,10,-2,14,7,5,15
70,2,6,0xf308f2eef10efcfe11fcfa06eef8f6fe,-13,8,-14,-18,-15,14,-4,-2,17,-4,-6,6,-18,-8,-10,-2
71,2,7,0xfefb0cee0414f105fe06ed0001060bf5,-2,-5,12,-18,4,20,-15,5,-2,6,-19,0,1,6,11,-11
72,2,8,0x0f03ff110afd02f90e12f5edfff6fbf6,15,3,-1,17,10,-3,2,-7,14,18,-11,-19,-1,-10,-5,-10
73,2,9,0x02120c0714fa0906f104ed000bf206f4,2,18,12,7,20,-6,9,6,-15,4,-19,0,11,-14,6,-12
74,2,10,0xfd06fb04fe0702010e0700fe0506fe07,-3,6,-5,4,-2,7,2,1,14,7,0,-2,5,6,-2,7
75,2,11,0xff02ed0ff4f704fff7fff903f2fa1206,-1,2,-19,15,-12,-9,4,-1,-9,-1,-7,3,-14,-6,18,6
76,2,12,0x020c12f2030900110fedfaf006101003,2,12,18,-14,3,9,0,17,15,-19,-6,-16,6,16,16,3
77,2,13,0xf7f1fff30610fb0005f9ef09f4fef009,-9,-15,-1,-13,6,16,-5,0,5,-7,-17,9,-12,-2,-16,9
78,2,14,0x0b0b0709fd0bf70f0400f2f0f70f0a0b,11,11,7,9,-3,11,-9,15,4,0,-14,-16,-9,15,10,11
79,2,15,0x090d0ffff2ef0f02f0faf1fe08ef0610,9,13,15,-1,-14,-17,15,2,-16,-6,-15,-2,8,-17,6,16
80,2,16,0x10eefc14f3fafbf401f8fdff0bf202ed,16,-18,-4,20,-13,-6,-5,-12,1,-8,-3,-1,11,-14,2,-19
81,2,17,0x03fdf207feee13fa120cf505f9fe080f,3,-3,-14,7,-2,-18,19,-6,18,12,-11,5,-7,-2,8,15
82,2,18,0x0f12f50307f4eeeb0ff0fdfe140404fc,15,18,-11,3,7,-12,-18,-21,15,-16,-3,-2,20,4,4,-4
83,2,19,0x0c0a00ec02f2f2fbf305fefc010108fb,12,10,0,-20,2,-14,-14,-5,-13,5,-2,-4,1,1,8,-5
84,2,20,0x02f708f404f2f909ec1011fa0d0ff9fe,2,-9,8,-12,4,-14,-7,9,-20,16,17,-6,13,15,-7,-2
85,2,21,0xee0d0aee00ff030af609f2f908f6f100,-18,13,10,-18,0,-1,3,10,-10,9,-14,-7,8,-10,-15,0
86,2,22,0xf3f5fc0811f4f60805fc05f90305fe10,-13,-11,-4,8,17,-12,-10,8,5,-4,5,-7,3,5,-2,16
87,2,23,0x0603f4fdf0f1fd080b01fd1005060414,6,3,-12,-3,-16,-15,-3,8,11,1,-3,16,5,6,4,20
88,2,24,0x0f04070afcf205ef0610ed00080df20a,15,4,7,10,-4,-14,5,-17,6,16,-19,0,8,13,-14,10
89,2,25,0xedf900f4f50912f5f5fbf1f901f3f7f1,-19,-7,0,-12,-11,9,18,-11,-11,-5,-15,-7,1,-13,-9,-15
90,2,26,0xfaef03f6faf40dee080ffa11f5090c00,-6,-17,3,-10,-6,-12,13,-18,8,15,-6,17,-11,9,12,0
91,2,27,0xf5ef00ee0d080fed0010eefbf912f006,-11,-17,0,-18,13,8,15,-19,0,16,-18,-5,-7,18,-16,6
92,2,28,0xfc0ff0fcf004f700f1fef1fb13f0edf5,-4,15,-16,-4,-16,4,-9,0,-15,-2,-15,-5,19,-16,-19,-11
93,2,29,0xf0f001090e08f1f4eff2fbfaf10009f5,-16,-16,1,9,14,8,-15,-12,-17,-14,-5,-6,-15,0,9,-11
94,2,30,0x05f7eeef0a120412f812f8f0fbf406f8,5,-9,-18,-17,10,18,4,18,-8,18,-8,-16,-5,-12,6,-8
95,2,31,0xf60cf206010a0af9eaf9f6f20af1fcf5,-10,12,-14,6,1,10,10,-7,-22,-7,-10,-14,10,-15,-4,-11
96,3,0,0xf509fd070ff70efa12ef00ff080cf009,-11,9,-3,7,15,-9,14,-6,18,-17,0,-1,8,12,-16,9
97,3,1,0x040110f6f9fcedfb0408f210f513faee,4,1,16,-10,-7,-4,-19,-5,4,8,-14,16,-11,19,-6,-18
98,3,2,0x14f1f7ecfa090cf80bf1f90607fc06fd,20,-15,-9,-20,-6,9,12,-8,11,-15,-7,6,7,-4,6,-3
99,3,3,0x0d080dfbf8fe0906f805f10613f5f40f,13,8,13,-5,-8,-2,9,6,-8,5,-15,6,19,-11,-12,15
100,3,4,0xfefffb08ff090312f5130efbff07edec,-2,-1,-5,8,-1,9,3,18,-11,19,14,-5,-1,7,-19,-20
101,3,5,0x0f0a0cf5ef03fcfd0bf4edee060606f0,15,10,12,-11,-17,3,-4,-3,11,-12,-19,-18,6,6,6,-16
102,3,6,0xeef7ebf602f402fa0efcf2fefd0aefec,-18,-9,-21,-10,2,-12,2,-6,14,-4,-14,-2,-3,10,-17,-20
103,3,7,0x0bf402fc140ded08efee0c1213ededef,11,-12,2,-4,20,13,-19,8,-17,-18,12,18,19,-19,-19,-17
104,3,8,0x07f812130d060af70efa0408f9f70f15,7,-8,18,19,13,6,10,-9,14,-6,4,8,-7,-9,15,21
105,3,9,0x0ff6f903090ef1ec1205ed0cfefafdf6,15,-10,-7,3,9,14,-15,-20,18,5,-19,12,-2,-6,-3,-10
106,3,10,0x05f2fff0fe020b0a140bfc0a00eeff07,5,-14,-1,-16,-2,2,11,10,20,11,-4,10,0,-18,-1,7
107,3,11,0xfdf2f610f80300faf6f908f3f30cf8e9,-3,-14,-10,16,-8,3,0,-6,-10,-7,8,-13,-13,12,-8,-23
108,3,12,0x0afa12ea110bf4eff90c08fdf004f6f3,10,-6,18,-22,17,11,-12,-17,-7,12,8,-3,-16,4,-10,-13
109,3,13,0xffe9030b080c04f4fe0701f4f7f2f200,-1,-23,3,11,8,12,4,-12,-2,7,1,-12,-9,-14,-14,0
110,3,14,0xedf3eff00cf901f8ef12f90307eef905,-19,-13,-17,-16,12,-7,1,-8,-17,18,-7,3,7,-18,-7,5
111,3,15,0xf5fcf00ef303fdf311f5f00ef1f9fcf9,-11,-4,-16,14,-13,3,-3,-13,17,-11,-16,14,-15,-7,-4,-7
112,3,16,0x0203edf8f409f4090bfe0a0ef3111100,2,3,-19,-8,-12,9,-12,9,11,-2,10,14,-13,17,17,0
113,3,17,0x04fef80b00eefef1f70afdfef706110c,4,-2,-8,11,0,-18,-2,-15,-9,10,-3,-2,-9,6,17,12
114,3,18,0x0cf907ec0505ec0b0bf017f2edf6f7f1,12,-7,7,-20,5,5,-20,11,11,-16,23,-14,-19,-10,-9,-15
115,3,19,0xf2050ff60a03ef0ff70807f50012fe0f,-14,5,15,-10,10,3,-17,15,-9,8,7,-11,0,18,-2,15
116,3,20,0xfeff030700f6f31007fcf8fd0fef01f1,-2,-1,3,7,0,-10,-13,16,7,-4,-8,-3,15,-17,1,-15
117,3,21,0xfb02031016edfaf2f309ef0702140b0f,-5,2,3,16,22,-19,-6,-14,-13,9,-17,7,2,20,11,15
118,3,22,0x08fffc12100ef705f5fbeb0107fa02f4,8,-1,-4,18,16,14,-9,5,-11,-5,-21,1,7,-6,2,-12
119,3,23,0xf10eff03f105f5110e0812170204ec05,-15,14,-1,3,-15,5,-11,17,14,8,18,23,2,4,-20,5
120,3,24,0x0ded12070cfbf211100afd1607f5020b,13,-19,18,7,12,-5,-14,17,16,10,-3,22,7,-11,2,11
121,3,25,0xeff40ffc06fff3080af20aecf80813f3,-17,-12,15,-4,6,-1,-13,8,10,-14,10,-20,-8,8,19,-13
122,3,26,0xfa09f90f01020a0dfb0800f30ff40ef8,-6,9,-7,15,1,2,10,13,-5,8,0,-13,15,-12,14,-8
123,3,27,0x0ef0f11004faf707f40b0413fcf1fc12,14,-16,-15,16,4,-6,-9,7,-12,11,4,19,-4,-15,-4,18
124,3,28,0x05f7ffedf00e130a09eeef0604f9f80e,5,-9,-1,-19,-16,14,19,10,9,-18,-17,6,4,-7,-8,14
125,3,29,0xf114fc0efe0f0914ea06120312010f06,-15,20,-4,14,-2,15,9,20,-22,6,18,3,18,1,15,6
126,3,30,0xf6fef5f9020a0af60b0f0ef2fa04ff06,-10,-2,-11,-7,2,10,10,-10,11,15,14,-14,-6,4,-1,6
127,3,31,0x0afd05f914f614f911080bf0160e0cf8,10,-3,5,-7,20,-10,20,-7,17,8,11,-16,22,14,12,-8
128,4,0,0xf5f3f1f70c05f4feefee03ecf206eef4,-11,-13,-15,-9,12,5,-12,-2,-17,-18,3,-20,-14,6,-18,-12
129,4,1,0xeef70a0cf3fb0306fdef11fef2fcfa05,-18,-9,10,12,-13,-5,3,6,-3,-17,17,-2,-14,-4,-6,5
130,4,2,0xfff6f6f9f00fee10f011ec0e05f9070d,-1,-10,-10,-7,-16,15,-18,16,-16,17,-20,14,5,-7,7,13
131,4,3,0x00f303fd0f1306eefaf102edf8f50b00,0,-13,3,-3,15,19,6,-18,-6,-15,2,-19,-8,-11,11,0
132,4,4,0x10f30ffdfc03000cf6f30b1013fa0103,16,-13,15,-3,-4,3,0,12,-10,-13,11,16,19,-6,1,3
133,4,5,0x0cee130603ebf5150c08080bf0f811ee,12,-18,19,6,3,-21,-11,21,12,8,8,11,-16,-8,17,-18
134,4,6,0x0004ff09ef12f70df10d0ffe0a00fcfd,0,4,-1,9,-17,18,-9,13,-15,13,15,-2,10,0,-4,-3
135,4,7,0xff000012f308f4f808010200090214ff,-1,0,0,18,-13,8,-12,-8,8,1,2,0,9,2,20,-1
136,4,8,0x0d0104f00af6090b0108fb00fb12f10b,13,1,4,-16,10,-10,9,11,1,8,-5,0,-5,18,-15,11
137,4,9,0xf1f6090907fc12ec09fef30deffbfbfe,-15,-10,9,9,7,-4,18,-20,9,-2,-13,13,-17,-5,-5,-2
138,4,10,0x0ff9f6f102ec11fb0a0d0cf1f60002ec,15,-7,-10,-15,2,-20,17,-5,10,13,12,-15,-10,0,2,-20
139,4,11,0x110f000af9fdee06f0ee0cf913f30915,17,15,0,10,-7,-3,-18,6,-16,-18,12,-7,19,-13,9,21
140,4,12,0x011104f207090bfe08f50b0bfaf90cfe,1,17,4,-14,7,9,11,-2,8,-11,11,11,-6,-7,12,-2
141,4,13,0x0403f100f6fb07f10bee0df20dfbf0ff,4,3,-15,0,-10,-5,7,-15,11,-18,13,-14,13,-5,-16,-1
142,4,14,0xf6fdf604ff03f800f604f9f515fc1505,-10,-3,-10,4,-1,3,-8,0,-10,4,-7,-11,21,-4,21,5
143,4,15,0x0f0efe13fc0af40bedeefeeb0ffde8fe,15,14,-2,19,-4,10,-12,11,-19,-18,-2,-21,15,-3,-24,-2
144,4,16,0x13f70d0c00ec041112fd0d080bfa0504,19,-9,13,12,0,-20,4,17,18,-3,13,8,11,-6,5,4
145,4,17,0x06feef030dff031211f7f9000111e8f3,6,-2,-17,3,13,-1,3,18,17,-9,-7,0,1,17,-24,-13
146,4,18,0xf3f013fb020e0f10fd0b0a0aefecfefc,-13,-16,19,-5,2,14,15,16,-3,11,10,10,-17,-20,-2,-4
147,4,19,0x10fc0308f4f00d0b1109040ffcef0af5,16,-4,3,8,-12,-16,13,11,17,9,4,15,-4,-17,10,-11
148,4,20,0x08fafa10f91306ee0f1113f2ff1014ff,8,-6,-6,16,-7,19,6,-18,15,17,19,-14,-1,16,20,-1
149,4,21,0x0bfff4f7ef05fbeef4f90f010507f80f,11,-1,-12,-9,-17,5,-5,-18,-12,-7,15,1,5,7,-8,15
150,4,22,0xf90d0b12f503f0fff903060b11fe0f09,-7,13,11,18,-11,3,-16,-1,-7,3,6,11,17,-2,15,9
151,4,23,0x00f5f908f20bf3f208f2ff01040306fd,0,-11,-7,8,-14,11,-13,-14,8,-14,-1,1,4,3,6,-3
152,4,24,0x06fa0804f90112ec18f2f2fb11fafc03,6,-6,8,4,-7,1,18,-20,24,-14,-14,-5,17,-6,-4,3
153,4,25,0x12f9fd11fd060cf4f91aeefe0b0ffafe,18,-7,-3,17,-3,6,12,-12,-7,26,-18,-2,11,15,-6,-2
154,4,26,0xf708f304eafb040a07f612fb03edfb02,-9,8,-13,4,-22,-5,4,10,7,-10,18,-5,3,-19,-5,2
155,4,27,0xfa0908f8f4f010ef16fb0304fa110bf0,-6,9,8,-8,-12,-16,16,-17,22,-5,3,4,-6,17,11,-16
156,4,28,0xf60af40ef4f50d04fe08f8fc05fa0ef5,-10,10,-12,14,-12,-11,13,4,-2,8,-8,-4,5,-6,14,-11
157,4,29,0x070cfe05fb04fa080df3eefd08081308,7,12,-2,5,-5,4,-6,8,13,-13,-18,-3,8,8,19,8
158,4,30,0xfff0060b0df5f800f0e90600f20c00fb,-1,-16,6,11,13,-11,-8,0,-16,-23,6,0,-14,12,0,-5
159,4,31,0x10020cecf9f80209fafa06f5e8fbf90e,16,2,12,-20,-7,-8,2,9,-6,-6,6,-11,-24,-5,-7,14
160,5,0,0x0b0d1000fc140cf411eef50a04fcfa02,11,13,16,0,-4,20,12,-12,17,-18,-11,10,4,-4,-6,2
161,5,1,0xffff0bf6f5fcec0a060510fffb0801f2,-1,-1,11,-10,-11,-4,-20,10,6,5,16,-1,-5,8,1,-14
162,5,2,0xf9f9fd110313fa0e050810f3f1080f0b,-7,-7,-3,17,3,19,-6,14,5,8,16,-13,-15,8,15,11
163,5,3,0x0ff8fb0208110914f4eafdf1f505f4fe,15,-8,-5,2,8,17,9,20,-12,-22,-3,-15,-11,5,-12,-2
164,5,4,0xfb0f08fa140207effdee04070f0bf7f4,-5,15,8,-6,20,2,7,-17,-3,-18,4,7,15,11,-9,-12
165,5,5,0xf0fefbeef214000a0b06f5ecfbeff406,-16,-2,-5,-18,-14,20,0,10,11,6,-11,-20,-5,-17,-12,6
166,5,6,0xe90cfa03fbf400f107ecea04fc01f000,-23,12,-6,3,-5,-12,0,-15,7,-20,-22,4,-4,1,-16,0
167,5,7,0xf9ec0d020802fdf70cf61302f5f10cf7,-7,-20,13,2,8,2,-3,-9,12,-10,19,2,-11,-15,12,-9
168,5,8,0xf2fbfdee0b11f80afd0d0908f6f704ed,-14,-5,-3,-18,11,17,-8,10,-3,13,9,8,-10,-9,4,-19
169,5,9,0xfe14040bf7070bfdfaef06fbfd080d06,-2,20,4,11,-9,7,11,-3,-6,-17,6,-5,-3,8,13,6
170,5,10,0x030001fffe11f902f8fcedf10803f3ec,3,0,1,-1,-2,17,-7,2,-8,-4,-19,-15,8,3,-13,-20
171,5,11,0x17f8040a1108ebf80f12eef7f50400f2,23,-8,4,10,17,8,-21,-8,15,18,-18,-9,-11,4,0,-14
172,5,12,0xf6ff03fb051015040204ffeeeff5fb15,-10,-1,3,-5,5,16,21,4,2,4,-1,-18,-17,-11,-5,21
173,5,13,0xfc11f8fff0f307fb0301f80104f2ec08,-4,17,-8,-1,-16,-13,7,-5,3,1,-8,1,4,-14,-20,8
174,5,14,0xfa0a0802fd0c0af1f402feffff0b0a0f,-6,10,8,2,-3,12,10,-15,-12,2,-2,-1,-1,11,10,15
175,5,15,0xf4f3f9fef8fced080701f2fd04f60906,-12,-13,-7,-2,-8,-4,-19,8,7,1,-14,-3,4,-10,9,6
176,5,16,0xf8f600fc030c10110f150ffd02000011,-8,-10,0,-4,3,12,16,17,15,21,15,-3,2,0,0,17
177,5,17,0xeefe0bf9edfdf50808fef7f6ef12f914,-18,-2,11,-7,-19,-3,-11,8,8,-2,-9,-10,-17,18,-7,20
178,5,18,0x06f513f3f2f600010afc09f5ee08fc08,6,-11,19,-13,-14,-10,0,1,10,-4,9,-11,-18,8,-4,8
179,5,19,0x0b13f0f1101009030ef908f10710fd0e,11,19,-16,-15,16,16,9,3,14,-7,8,-15,7,16,-3,14
180,5,20,0xff0910ee100d14f3f6f80ff8f00beeee,-1,9,16,-18,16,13,20,-13,-10,-8,15,-8,-16,11,-18,-18
181,5,21,0xfd01eb090e000901f00cf10e05071011,-3,1,-21,9,14,0,9,1,-16,12,-15,14,5,7,16,17
182,5,22,0xff0b03f402f80ef514ec06f41000f1f7,-1,11,3,-12,2,-8,14,-11,20,-20,6,-12,16,0,-15,-9
183,5,23,0xfd0ffa04fbfefd0f04f30012eef50808,-3,15,-6,4,-5,-2,-3,15,4,-13,0,18,-18,-11,8,8
184,5,24,0xfdf60801f7030610f7fd07fd10fefef8,-3,-10,8,1,-9,3,6,16,-9,-3,7,-3,16,-2,-2,-8
185,5,25,0xf4fb0e04fa0ef8fdfa08e703ee0cfa03,-12,-5,14,4,-6,14,-8,-3,-6,8,-25,3,-18,12,-6,3
186,5,26,0xfef6fc13f1fdf5ecf5fd12fcfb040503,-2,-10,-4,19,-15,-3,-11,-20,-11,-3,18,-4,-5,4,5,3
187,5,27,0xfcecf2030cfb010ff90910f807fefafb,-4,-20,-14,3,12,-5,1,15,-7,9,16,-8,7,-2,-6,-5
188,5,28,0xf30dff09020d0f05f608f61006140707,-13,13,-1,9,2,13,15,5,-10,8,-10,16,6,20,7,7
189,5,29,0xf5f6f204120c1106f2f1070503f1f903,-11,-10,-14,4,18,12,17,6,-14,-15,7,5,3,-15,-7,3
190,5,30,0x120a1110f3eef4ff0803f90dfff5f4f5,18,10,17,16,-13,-18,-12,-1,8,3,-7,13,-1,-11,-12,-11
191,5,31,0x0f01f5ff09fa0df403fa020d0901f702,15,1,-11,-1,9,-6,13,-12,3,-6,2,13,9,1,-9,2
192,6,0,0x0b0d0ef309f9f1fff511fc03f00af510,11,13,14,-13,9,-7,-15,-1,-11,17,-4,3,-16,10,-11,16
193,6,1,0x13eff2f8eeed1009ecfff3effefc060a,19,-17,-14,-8,-18,-19,16,9,-20,-1,-13,-17,-2,-4,6,10
194,6,2,0x07efefeef8f6f2f008ec0ff90d1305f5,7,-17,-17,-18,-8,-10,-14,-16,8,-20,15,-7,13,19,5,-11
195,6,3,0xfef40e0af60ff6f70ffcf904080106ec,-2,-12,14,10,-10,15,-10,-9,15,-4,-7,4,8,1,6,-20
196,6,4,0xef03f5fd1109f1060408fbf1fe0cf1f7,-17,3,-11,-3,17,9,-15,6,4,8,-5,-15,-2,12,-15,-9
197,6,5,0x0311ff1003000d0903f90df2f9f9ffec,3,17,-1,16,3,0,13,9,3,-7,13,-14,-7,-7,-1,-20
198,6,6,0x0b02fc0efbedf90306f4fdee000dec0e,11,2,-4,14,-5,-19,-7,3,6,-12,-3,-18,0,13,-20,14
199,6,7,0x01f5130d110415ee0b0c01f7effbf50b,1,-11,19,13,17,4,21,-18,11,12,1,-9,-17,-5,-11,11
200,6,8,0xf50d1106f1060df2030d031303fe00fa,-11,13,17,6,-15,6,13,-14,3,13,3,19,3,-2,0,-6
201,6,9,0xfdf00101f402eff603f70c02f6020c02,-3,-16,1,1,-12,2,-17,-10,3,-9,12,2,-10,2,12,2
202,6,10,0x10ebef150af4f5f910f7f301f3fded0b,16,-21,-17,21,10,-12,-11,-7,16,-9,-13,1,-13,-3,-19,11
203,6,11,0xee00f60ffd0a0b14fcf4f005fd0ffc0c,-18,0,-10,15,-3,10,11,20,-4,-12,-16,5,-3,15,-4,12
204,6,12,0x0aee10fc06f01702f501f0f20a04120c,10,-18,16,-4,6,-16,23,2,-11,1,-16,-14,10,4,18,12
205,6,13,0x06f7f305f60e01f0fe00f609fffa10fa,6,-9,-13,5,-10,14,1,-16,-2,0,-10,9,-1,-6,16,-6
206,6,14,0x07ffef03fa0c0ff202f8f2f7eff3fa09,7,-1,-17,3,-6,12,15,-14,2,-8,-14,-9,-17,-13,-6,9
207,6,15,0x0c110c0f0c0e02ec00f406140610f5f5,12,17,12,15,12,14,2,-20,0,-12,6,20,6,16,-11,-11
208,6,16,0xf906ed01eeed08fbf4edec01f909f2ee,-7,6,-19,1,-18,-19,8,-5,-12,-19,-20,1,-7,9,-14,-18
209,6,17,0xf6f3110c0b05eff80fefeef90d0ffb04,-10,-13,17,12,11,5,-17,-8,15,-17,-18,-7,13,15,-5,4
210,6,18,0xfbf3f80d0c000bed06f0f210f203f7e9,-5,-13,-8,13,12,0,11,-19,6,-16,-14,16,-14,3,-9,-23
211,6,19,0x02fb050b0ffdf5f00608f6f9060211f8,2,-5,5,11,15,-3,-11,-16,6,8,-10,-7,6,2,17,-8
212,6,20,0x140bf2edef06f70b11ee05fbfeecedf2,20,11,-14,-19,-17,6,-9,11,17,-18,5,-5,-2,-20,-19,-14
213,6,21,0x12f910fc13090ef70d12120c050fec00,18,-7,16,-4,19,9,14,-9,13,18,18,12,5,15,-20,0
214,6,22,0x0f000802f9ed01fbff0fff0e03060bfa,15,0,8,2,-7,-19,1,-5,-1,15,-1,14,3,6,11,-6
215,6,23,0xfb09f6ed02f9fafa09fe08f110ee01ff,-5,9,-10,-19,2,-7,-6,-6,9,-2,8,-15,16,-18,1,-1
216,6,24,0xf8fe0211f5f80c0e0df312fbf60efa10,-8,-2,2,17,-11,-8,12,14,13,-13,18,-5,-10,14,-6,16
217,6,25,0xf2f9080a0809f311eef213030006e9ff,-14,-7,8,10,8,9,-13,17,-18,-14,19,3,0,6,-23,-1
218,6,26,0xf605f8fb0af3f10300f3ef05f8010ef8,-10,5,-8,-5,10,-13,-15,3,0,-13,-17,5,-8,1,14,-8
219,6,27,0x0a090600fe0decf70af9f3fa1205f800,10,9,6,0,-2,13,-20,-9,10,-7,-13,-6,18,5,-8,0
220,6,28,0xf6f9f1fffefff8ec06faf30408f500fa,-10,-7,-15,-1,-2,-1,-8,-20,6,-6,-13,4,8,-11,0,-6
221,6,29,0xfd03fefa1106fd030e030e0c0b09f706,-3,3,-2,-6,17,6,-3,3,14,3,14,12,11,9,-9,6
222,6,30,0x0814fe06fbeded0d0af7f0ee0e020d0c,8,20,-2,6,-5,-19,-19,13,10,-9,-16,-18,14,2,13,12
223,6,31,0xeef1f40f0efeebfbf1eb09010cff1115,-18,-15,-12,15,14,-2,-21,-5,-15,-21,9,1,12,-1,17,21
224,7,0,0xed020b070510120f09f8f2fe0f1000f5,-19,2,11,7,5,16,18,15,9,-8,-14,-2,15,16,0,-11
225,7,1,0x10fa01f3121008110afefa0511100bf4,16,-6,1,-13,18,16,8,17,10,-2,-6,5,17,16,11,-12
226,7,2,0x010ffd1110fef51401f303f6fafa12fa,1,15,-3,17,16,-2,-11,20,1,-13,3,-10,-6,-6,18,-6
227,7,3,0x0ffc09eef2ed12f50cf50dffed05f904,15,-4,9,-18,-14,-19,18,-11,12,-11,13,-1,-19,5,-7,4
228,7,4,0x11f3f8fefffafdf610f1051212040813,17,-13,-8,-2,-1,-6,-3,-10,16,-15,5,18,18,4,8,19
229,7,5,0xfd080d140606f707070010110bf801fb,-3,8,13,20,6,6,-9,7,7,0,16,17,11,-8,1,-5
230,7,6,0xf3fe140df90708070cfcfd0efd020f0d,-13,-2,20,13,-7,7,8,7,12,-4,-3,14,-3,2,15,13
231,7,7,0xfbfeeb0104fd0c050904fdf7f006ecfa,-5,-2,-21,1,4,-3,12,5,9,4,-3,-9,-16,6,-20,-6
232,7,8,0xfc12f7f80c0306fe0f11fcf80df1f2fc,-4,18,-9,-8,12,3,6,-2,15,17,-4,-8,13,-15,-14,-4
233,7,9,0x120a00040904040af80ef815fafb17f1,18,10,0,4,9,4,4,10,-8,14,-8,21,-6,-5,23,-15
234,7,10,0x0f03f0070d0af304f90efbf2f4060006,15,3,-16,7,13,10,-13,4,-7,14,-5,-14,-12,6,0,6
235,7,11,0x040904f4f80df9ee06011306f40007ed,4,9,4,-12,-8,13,-7,-18,6,1,19,6,-12,0,7,-19
236,7,12,0x0814fc0ef209edf2ee00f80cf5fa01fd,8,20,-4,14,-14,9,-19,-14,-18,0,-8,12,-11,-6,1,-3
237,7,13,0xf3110ff9000f10fc14090105e9f404ea,-13,17,15,-7,0,15,16,-4,20,9,1,5,-23,-12,4,-22
238,7,14,0xf5f20a1406f10c0c130c04f0f2f0fc10,-11,-14,10,20,6,-15,12,12,19,12,4,-16,-14,-16,-4,16
239,7,15,0x0debfbec09f4f8140ff5f305100c110b,13,-21,-5,-20,9,-12,-8,20,15,-11,-13,5,16,12,17,11
240,7,16,0x080cfdefff09fdf3f5fef908ed00f5fc,8,12,-3,-17,-1,9,-3,-13,-11,-2,-7,8,-19,0,-11,-4
241,7,17,0xee10f9eef30df4eefa001009fbfcf802,-18,16,-7,-18,-13,13,-12,-18,-6,0,16,9,-5,-4,-8,2
242,7,18,0x0007070c04fff8ee04eff6000ceffd0f,0,7,7,12,4,-1,-8,-18,4,-17,-10,0,12,-17,-3,15
243,7,19,0x0d06fc060809f7ededfbfbf2f60af903,13,6,-4,6,8,9,-9,-19,-19,-5,-5,-14,-10,10,-7,3
244,7,20,0xf3f4f20c0d0106ee00f408eb0bef080d,-13,-12,-14,12,13,1,6,-18,0,-12,8,-21,11,-17,8,13
245,7,21,0xf40c0903f5f50dfc05f61103fdf9f00e,-12,12,9,3,-11,-11,13,-4,5,-10,17,3,-3,-7,-16,14
246,7,22,0x0902fb08f0f20ff00b0bf8eef700f403,9,2,-5,8,-16,-14,15,-16,11,11,-8,-18,-9,0,-12,3
247,7,23,0xf1f800050becf3f9060101f806f5f509,-15,-8,0,5,11,-20,-13,-7,6,1,1,-8,6,-11,-11,9
248,7,24,0x0cff08f800fc0ff513f5f4080b0efa07,12,-1,8,-8,0,-4,15,-11,19,-11,-12,8,11,14,-6,7
249,7,25,0x030002080afd0e000bf70409120604ef,3,0,2,8,10,-3,14,0,11,-9,4,9,18,6,4,-17
250,7,26,0xfdf2ef08fdf3040a000deaf801f7f103,-3,-14,-17,8,-3,-13,4,10,0,13,-22,-8,1,-9,-15,3
251,7,27,0x0d1402f9f2eff3ef020df60bef050106,13,20,2,-7,-14,-17,-13,-17,2,13,-10,11,-17,5,1,6
252,7,28,0x10030402fb1308ea11f7091308f1edfa,16,3,4,2,-5,19,8,-22,17,-9,9,19,8,-15,-19,-6
253,7,29,0x0300fd0a11f6ee14e707f2fa0aec120f,3,0,-3,10,17,-10,-18,20,-25,7,-14,-6,10,-20,18,15
254,7,30,0x13ef0d10ef06fcf812f00d0ff2feef03,19,-17,13,16,-17,6,-4,-8,18,-16,13,15,-14,-2,-17,3
255,7,31,0x0308faf6f9f6f013ff010401fe010607,3,8,-6,-10,-7,-10,-16,19,-1,1,4,1,-2,1,6,7
256,8,0,0x0e0d0bf1070cfceb070c09edeef1fdf6,14,13,11,-15,7,12,-4,-21,7,12,9,-19,-18,-15,-3,-10
257,8,1,0x0bf71101fd0e01fdeef8f6fbf00cf302,11,-9,17,1,-3,14,1,-3,-18,-8,-10,-5,-16,12,-13,2
258,8,2,0xfbf0feecf70b09f50bf1091712fafff2,-5,-16,-2,-20,-9,11,9,-11,11,-15,9,23,18,-6,-1,-14
259,8,3,0xf612f0feee07f9f00a08ff0ded050b0a,-10,18,-16,-2,-18,7,-7,-16,10,8,-1,13,-19,5,11,10
260,8,4,0x0bfc10f402ee0b10eff711ef03fbf207,11,-4,16,-12,2,-18,11,16,-17,-9,17,-17,3,-5,-14,7
261,8,5,0x0d0e0ff1090dfefc13070ef3fa0e08fa,13,14,15,-15,9,13,-2,-4,19,7,14,-13,-6,14,8,-6
262,8,6,0x08f0f5f50d09f204eefc0feff50b0808,8,-16,-11,-11,13,9,-14,4,-18,-4,15,-17,-11,11,8,8
263,8,7,0x00100e07f50102fa140f0900ff0ef5f1,0,16,14,7,-11,1,2,-6,20,15,9,0,-1,14,-11,-15
264,8,8,0xfe060df0f7f4f104fc10f50d1400f7f9,-2,6,13,-16,-9,-12,-15,4,-4,16,-11,13,20,0,-9,-7
265,8,9,0xfaf3f8f60eff070afb0801f912fc1500,-6,-13,-8,-10,14,-1,7,10,-5,8,1,-7,18,-4,21,0
266,8,10,0xf9fafb07f0f80202f5fff0fdf4f90c0c,-7,-6,-5,7,-16,-8,2,2,-11,-1,-16,-3,-12,-7,12,12
267,8,11,0xf807fcf40df6fbf602050712f20d09f6,-8,7,-4,-12,13,-10,-5,-10,2,5,7,18,-14,13,9,-10
268,8,12,0xefeb03f2f103101209f4e8fa080a1006,-17,-21,3,-14,-15,3,16,18,9,-12,-24,-6,8,10,16,6
269,8,13,0x12ecf4f4ea06120011f803fc02f708f8,18,-20,-12,-12,-22,6,18,0,17,-8,3,-4,2,-9,8,-8
270,8,14,0xf502fcfef709ef0c00f100ff08ed110b,-11,2,-4,-2,-9,9,-17,12,0,-15,0,-1,8,-19,17,11
271,8,15,0xea0803011316fef6edf0f309ec080f0d,-22,8,3,1,19,22,-2,-10,-19,-16,-13,9,-20,8,15,13
272,8,16,0x05f5f704f80cfc0bf00b0af708f60a14,5,-11,-9,4,-8,12,-4,11,-16,11,10,-9,8,-10,10,20
273,8,17,0x11f60310031308f6f7eeeff8edfeef12,17,-10,3,16,3,19,8,-10,-9,-18,-17,-8,-19,-2,-17,18
274,8,18,0x0003fbf5fc0508f1030009060405fe11,0,3,-5,-11,-4,5,8,-15,3,0,9,6,4,5,-2,17
275,8,19,0xf8f8faf70600ef11fceb06120408060b,-8,-8,-6,-9,6,0,-17,17,-4,-21,6,18,4,8,6,11
276,8,20,0xf20cf2f31104f70b10f00e0805fa07f8,-14,12,-14,-13,17,4,-9,11,16,-16,14,8,5,-6,7,-8
277,8,21,0xf409100a0608fff80005f7f0f20bf80a,-12,9,16,10,6,8,-1,-8,0,5,-9,-16,-14,11,-8,10
278,8,22,0xeefcef020cf4f5ed09fe080eedee03f5,-18,-4,-17,2,12,-12,-11,-19,9,-2,8,14,-19,-18,3,-11
279,8,23,0xf8f912f8f008f10b06fcfcea11f0f6ee,-8,-7,18,-8,-16,8,-15,11,6,-4,-4,-22,17,-16,-10,-18
280,8,24,0xf5fc0409f6071105effefbeff6f706fb,-11,-4,4,9,-10,7,17,5,-17,-2,-5,-17,-10,-9,6,-5
281,8,25,0x10f009030a08ff17050300f1f007ec0f,16,-16,9,3,10,8,-1,23,5,3,0,-15,-16,7,-20,15
282,8,26,0xff0d0f0a06f8f9fc04fb0f0a11f5f7fd,-1,13,15,10,6,-8,-7,-4,4,-5,15,10,17,-11,-9,-3
283,8,27,0x06ee021506f100ebf10310ff09faf501,6,-18,2,21,6,-15,0,-21,-15,3,16,-1,9,-6,-11,1
284,8,28,0x04eff2f4040405fc060602ffffef0a05,4,-17,-14,-12,4,4,5,-4,6,6,2,-1,-1,-17,10,5
285,8,29,0x04fef31309fff80e030efafafaf707fb,4,-2,-13,19,9,-1,-8,14,3,14,-6,-6,-6,-9,7,-5
286,8,30,0x06eb12fc0a09fafc150d02fa11fafffd,6,-21,18,-4,10,9,-6,-4,21,13,2,-6,17,-6,-1,-3
287,8,31,0x12ee0308f2f2f2060c05f316f9fafb04,18,-18,3,8,-14,-14,-14,6,12,5,-13,22,-7,-6,-5,4
288,9,0,0xf0f2f905fdf209f001f20f07f3edfa11,-16,-14,-7,5,-3,-14,9,-16,1,-14,15,7,-13,-19,-6,17
289,9,1,0x0605f0f50f0efe09f8f4090afe0009fe,6,5,-16,-11,15,14,-2,9,-8,-12,9,10,-2,0,9,-2
290,9,2,0x1402fafaf10b040e000d030807f7f3ff,20,2,-6,-6,-15,11,4,14,0,13,3,8,7,-9,-13,-1
291,9,3,0xf0faf0f813f9fef413f503f5f911f112,-16,-6,-16,-8,19,-7,-2,-12,19,-11,3,-11,-7,17,-15,18
292,9,4,0x02f9f3f9f0edf7f3f0fc07ff12efeeef,2,-7,-13,-7,-16,-19,-9,-13,-16,-4,7,-1,18,-17,-18,-17
293,9,5,0x1404efeaedf5fa0906f2fdf306e9f7f3,20,4,-17,-22,-19,-11,-6,9,6,-14,-3,-13,6,-23,-9,-13
294,9,6,0x0602f901faf50df403f00a05fd13ff02,6,2,-7,1,-6,-11,13,-12,3,-16,10,5,-3,19,-1,2
295,9,7,0xf10701f1f3faf0fa0c0d0702130a0214,-15,7,1,-15,-13,-6,-16,-6,12,13,7,2,19,10,2,20
296,9,8,0xefef0313fe10fbf70513f7f1f7feff10,-17,-17,3,19,-2,16,-5,-9,5,19,-9,-15,-9,-2,-1,16
297,9,9,0x020313f31312fc0511140b14f10911f2,2,3,19,-13,19,18,-4,5,17,20,11,20,-15,9,17,-14
298,9,10,0x0ffbf604101108f40d06110f0b000105,15,-5,-10,4,16,17,8,-12,13,6,17,15,11,0,1,5
299,9,11,0x00fdf8f7f5eef00e0c12f6f3fbf4f00a,0,-3,-8,-9,-11,-18,-16,14,12,18,-10,-13,-5,-12,-16,10
300,9,12,0xfbf903ecf402faf60d08ecfdeeeef80b,-5,-7,3,-20,-12,2,-6,-10,13,8,-20,-3,-18,-18,-8,11
301,9,13,0x10f218fef71209fe0d08ebfe0afb0b00,16,-14,24,-2,-9,18,9,-2,13,8,-21,-2,10,-5,11,0
302,9,14,0x0505fcf110f7faf3faf80a0c05120213,5,5,-4,-15,16,-9,-6,-13,-6,-8,10,12,5,18,2,19
303,9,15,0xf800f41115fbfdf5120af2fe09f70cfe,-8,0,-12,17,21,-5,-3,-11,18,10,-14,-2,9,-9,12,-2
304,9,16,0x08fefdfd100f0bf60ef605fd0df9f80d,8,-2,-3,-3,16,15,11,-10,14,-10,5,-3,13,-7,-8,13
305,9,17,0xff0a1202eff802f80e0d04f410f2050e,-1,10,18,2,-17,-8,2,-8,14,13,4,-12,16,-14,5,14
306,9,18,0xedfaeeeffcfbfbf90ff90a0cf40afc09,-19,-6,-18,-17,-4,-5,-5,-7,15,-7,10,12,-12,10,-4,9
307,9,19,0xeef20c090c05f00101f30609fa12fe0f,-18,-14,12,9,12,5,-16,1,1,-13,6,9,-6,18,-2,15
308,9,20,0x07fa12f9fff005faf40101f9f509fc0a,7,-6,18,-7,-1,-16,5,-6,-12,1,1,-7,-11,9,-4,10
309,9,21,0xf4f20f03ea0208fb0605f1eeff05faf4,-12,-14,15,3,-22,2,8,-5,6,5,-15,-18,-1,5,-6,-12
310,9,22,0x0bfd050410020502ef0afa00fd0c0602,11,-3,5,4,16,2,5,2,-17,10,-6,0,-3,12,6,2
311,9,23,0xf1f506fa0cfefcfc060afcf802f3f8f2,-15,-11,6,-6,12,-2,-4,-4,6,10,-4,-8,2,-13,-8,-14
312,9,24,0x0005fafcf9fffbf5fe0c0404130df404,0,5,-6,-4,-7,-1,-5,-11,-2,12,4,4,19,13,-12,4
313,9,25,0xee0cf9fd0af01503eeffff12fdf1fc05,-18,12,-7,-3,10,-16,21,3,-18,-1,-1,18,-3,-15,-4,5
314,9,26,0x10040a150706f1040aec00050dfb0af6,16,4,10,21,7,6,-15,4,10,-20,0,5,13,-5,10,-10
315,9,27,0x0e12fa040e120812f30d14fbf10804f9,14,18,-6,4,14,18,8,18,-13,13,20,-5,-15,8,4,-7
316,9,28,0xfaf506ef0a0c0c13f706f20a09fcfe0f,-6,-11,6,-17,10,12,12,19,-9,6,-14,10,9,-4,-2,15
317,9,29,0x0b0b0307fd0cffeee8fe070eff0ef811,11,11,3,7,-3,12,-1,-18,-24,-2,7,14,-1,14,-8,17
318,9,30,0xfb0cfdf807f40e0813fbf40ced0310fd,-5,12,-3,-8,7,-12,14,8,19,-5,-12,12,-19,3,16,-3
319,9,31,0xf5f00df7e90710070208f90d06f10e04,-11,-16,13,-9,-23,7,16,7,2,8,-7,13,6,-15,14,4
320,10,0,0xf9050802fc03f5f0f601f40aeef50909,-7,5,8,2,-4,3,-11,-16,-10,1,-12,10,-18,-11,9,9
321,10,1,0xed07120407060f14ff07f7f0f5f8000c,-19,7,18,4,7,6,15,20,-1,7,-9,-16,-11,-8,0,12
322,10,2,0x06140df5f30af3f3f8f20bfdee0b06f7,6,20,13,-11,-13,10,-13,-13,-8,-14,11,-3,-18,11,6,-9
323,10,3,0x0500f904040c1115fa0c03eff5fff210,5,0,-7,4,4,12,17,21,-6,12,3,-17,-11,-1,-14,16
324,10,4,0xf8ff06f6fd01fb100209ea0efbff00f8,-8,-1,6,-10,-3,1,-5,16,2,9,-22,14,-5,-1,0,-8
325,10,5,0xf10f0af30e05060c100609fe0f03f709,-15,15,10,-13,14,5,6,12,16,6,9,-2,15,3,-9,9
326,10,6,0x0311f7f804f4140704ef1407090f0ef1,3,17,-9,-8,4,-12,20,7,4,-17,20,7,9,15,14,-15
327,10,7,0x0ff7f8f6f1f4f4100c07f8fc100407fd,15,-9,-8,-10,-15,-12,-12,16,12,7,-8,-4,16,4,7,-3
328,10,8,0xef12ff0d11130003ecfb06f2fd04ea0c,-17,18,-1,13,17,19,0,3,-20,-5,6,-14,-3,4,-22,12
329,10,9,0x0cf0fb0807fef608fc01f00002f60904,12,-16,-5,8,7,-2,-10,8,-4,1,-16,0,2,-10,9,4
330,10,10,0xf6f614f1f613f0f406f5f30bf9040903,-10,-10,20,-15,-10,19,-16,-12,6,-11,-13,11,-7,4,9,3
331,10,11,0xebf1fcf7f1f504fa0a01f10e0104f912,-21,-15,-4,-9,-15,-11,4,-6,10,1,-15,14,1,4,-7,18
332,10,12,0x0af9000202f1fef2f4effc0af3fcf908,10,-7,0,2,2,-15,-2,-14,-12,-17,-4,10,-13,-4,-7,8
333,10,13,0xfc070a0e0701f9f106fb11ee0505f3fe,-4,7,10,14,7,1,-7,-15,6,-5,17,-18,5,5,-13,-2
334,10,14,0x0b06f0eff4f0f410f4fa07f007f3ff12,11,6,-16,-17,-12,-16,-12,16,-12,-6,7,-16,7,-13,-1,18
335,10,15,0xf0fef6fe0d0bf40d04faf4060eff15f8,-16,-2,-10,-2,13,11,-12,13,4,-6,-12,6,14,-1,21,-8
336,10,16,0xf8f3f20c0200fa0b1102f511feeff910,-8,-13,-14,12,2,0,-6,11,17,2,-11,17,-2,-17,-7,16
337,10,17,0xf7f7fbfffdfd0a1003120101f910f6f6,-9,-9,-5,-1,-3,-3,10,16,3,18,1,1,-7,16,-10,-10
338,10,18,0x1113f001ef03f00df310f6f5f40a0d04,17,19,-16,1,-17,3,-16,13,-13,16,-10,-11,-12,10,13,4
339,10,19,0xfc09f9f90400f0ff0df609fdeff1f7ef,-4,9,-7,-7,4,0,-16,-1,13,-10,9,-3,-17,-15,-9,-17
340,10,20,0xf2ff0aeff2f8130a13040a140c0008ef,-14,-1,10,-17,-14,-8,19,10,19,4,10,20,12,0,8,-17
341,10,21,0x00f407f9f8fbfbeef2f61000f507fff3,0,-12,7,-7,-8,-5,-5,-18,-14,-10,16,0,-11,7,-1,-13
342,10,22,0xebf9f7fcf8fb0d11090c0defff03ee08,-21,-7,-9,-4,-8,-5,13,17,9,12,13,-17,-1,3,-18,8
343,10,23,0xf8ecf108edfbef02080f070ded03000d,-8,-20,-15,8,-19,-5,-17,2,8,15,7,13,-19,3,0,13
344,10,24,0x0bfe0e02ef0713f8e908fa0501f513ef,11,-2,14,2,-17,7,19,-8,-23,8,-6,5,1,-11,19,-17
345,10,25,0x07fc0c100209fe00f801010411ec0608,7,-4,12,16,2,9,-2,0,-8,1,1,4,17,-20,6,8
346,10,26,0x0f0f09040201f4fd10050df207f7f8fa,15,15,9,4,2,1,-12,-3,16,5,13,-14,7,-9,-8,-6
347,10,27,0x0703f50e0312fa13f9fffb02f007120e,7,3,-11,14,3,18,-6,19,-7,-1,-5,2,-16,7,18,14
348,10,28,0xf6fa00fa07fd130af7f711f1f413f4f2,-10,-6,0,-6,7,-3,19,10,-9,-9,17,-15,-12,19,-12,-14
349,10,29,0xf5f500f50c03f7f0010b06f1100b130d,-11,-11,0,-11,12,3,-9,-16,1,11,6,-15,16,11,19,13
350,10,30,0x0011f1fdeef70afb09ff03f304f111f7,0,17,-15,-3,-18,-9,10,-5,9,-1,3,-13,4,-15,17,-9
351,10,31,0xfd0bfd050a0a0a07fe0f05fb16f70a06,-3,11,-3,5,10,10,10,7,-2,15,5,-5,22,-9,10,6
352,11,0,0x07fa07fdf9f80002f3110502fef402f9,7,-6,7,-3,-7,-8,0,2,-13,17,5,2,-2,-12,2,-7
353,11,1,0x0a0e10fb0ef11208ee110b100b0b06f1,10,14,16,-5,14,-15,18,8,-18,17,11,16,11,11,6,-15
354,11,2,0x10ecf9f20f0800ff0d01fef4f5f60f14,16,-20,-7,-14,15,8,0,-1,13,1,-2,-12,-11,-10,15,20
355,11,3,0x080afb0ef605fa08f601fff30ff5f2fc,8,10,-5,14,-10,5,-6,8,-10,1,-1,-13,15,-11,-14,-4
356,11,4,0x10f3fa0d01f104f3f9fbedfaf40910ec,16,-13,-6,13,1,-15,4,-13,-7,-5,-19,-6,-12,9,16,-20
357,11,5,0x0e04f401edf40206f00f0a0ff7040cf1,14,4,-12,1,-19,-12,2,6,-16,15,10,15,-9,4,12,-15
358,11,6,0xf709fa0c0a0904fffe0cfbfcfa0af813,-9,9,-6,12,10,9,4,-1,-2,12,-5,-4,-6,10,-8,19
359,11,7,0xf0fd130711fafb0cfaf5ecf4fafb1203,-16,-3,19,7,17,-6,-5,12,-6,-11,-20,-12,-6,-5,18,3
360,11,8,0x1702fef0010dff08fc11ee01f3f9f1fb,23,2,-2,-16,1,13,-1,8,-4,17,-18,1,-13,-7,-15,-5
361,11,9,0xfd11fc040702f0f6fbfa0ef9faf2feec,-3,17,-4,4,7,2,-16,-10,-5,-6,14,-7,-6,-14,-2,-20
362,11,10,0x0c0bfbfb0b0003ed0d0a0dfcf4f4f600,12,11,-5,-5,11,0,3,-19,13,10,13,-4,-12,-12,-10,0
363,11,11,0xf409000500100ef904ef0a0af50af2f0,-12,9,0,5,0,16,14,-7,4,-17,10,10,-11,10,-14,-16
364,11,12,0x0e06090805effaf510fefb07fd08f307,14,6,9,8,5,-17,-6,-11,16,-2,-5,7,-3,8,-13,7
365,11,13,0xf00aec14f9100c07f6fb1110f8fbf3f3,-16,10,-20,20,-7,16,12,7,-10,-5,17,16,-8,-5,-13,-13
366,11,14,0x13f1f5060ffeffee0e0d0dfa0e0cf505,19,-15,-11,6,15,-2,-1,-18,14,13,13,-6,14,12,-11,5
367,11,15,0x06fff3fe0f0b07eef90714150d0307ee,6,-1,-13,-2,15,11,7,-18,-7,7,20,21,13,3,7,-18
368,11,16,0xf9fe101108f801ec110e07ec12ee14f9,-7,-2,16,17,8,-8,1,-20,17,14,7,-20,18,-18,20,-7
369,11,17,0xfdf40bf505f5f1fa00ed08000dfd0102,-3,-12,11,-11,5,-11,-15,-6,0,-19,8,0,13,-3,1,2
370,11,18,0x0209f111fe0cf4fd13f009ef10f00a01,2,9,-15,17,-2,12,-12,-3,19,-16,9,-17,16,-16,10,1
371,11,19,0x0aef10f8f80e030c0c0c051312120cf1,10,-17,16,-8,-8,14,3,12,12,12,5,19,18,18,12,-15
372,11,20,0x080cf4f305050303ed08000bf900ee04,8,12,-12,-13,5,5,3,3,-19,8,0,11,-7,0,-18,4
373,11,21,0xf5f4090a0012f9fa07f70e060510f6ec,-11,-12,9,10,0,18,-7,-6,7,-9,14,6,5,16,-10,-20
374,11,22,0x03ff0ef50415f9f4f4f606ee09141013,3,-1,14,-11,4,21,-7,-12,-12,-10,6,-18,9,20,16,19
375,11,23,0xfe13ff01040c0e03fbf7f8f611130802,-2,19,-1,1,4,12,14,3,-5,-9,-8,-10,17,19,8,2
376,11,24,0x0cf6ee010b0407000cf714f108f3f901,12,-10,-18,1,11,4,7,0,12,-9,20,-15,8,-13,-7,1
377,11,25,0x070014f1f2f6100d13f2010f06ec13fd,7,0,20,-15,-14,-10,16,13,19,-14,1,15,6,-20,19,-3
378,11,26,0x08edfa0e0006f0ef020801f602f10ffa,8,-19,-6,14,0,6,-16,-17,2,8,1,-10,2,-15,15,-6
379,11,27,0xfff914fc00fbf40a040012eff6100809,-1,-7,20,-4,0,-5,-12,10,4,0,18,-17,-10,16,8,9
380,11,28,0xf5f312f010faf8fcf7040ff702120af8,-11,-13,18,-16,16,-6,-8,-4,-9,4,15,-9,2,18,10,-8
381,11,29,0xf10112110b0cf612f9fb0b01f6ed00ff,-15,1,18,17,11,12,-10,18,-7,-5,11,1,-10,-19,0,-1
382,11,30,0xf007ee0d080dfffffd120eef1802fe0b,-16,7,-18,13,8,13,-1,-1,-3,18,14,-17,24,2,-2,11
383,11,31,0xee0716fe0103faf7ef021403f6fc0303,-18,7,22,-2,1,3,-6,-9,-17,2,20,3,-10,-4,3,3
384,12,0,0xf0f4071014fbf3f2f4fff70bf8070b0e,-16,-12,7,16,20,-5,-13,-14,-12,-1,-9,11,-8,7,11,14
385,12,1,0xf0fdeffdf80a050c03f7f6fa11f611f8,-16,-3,-17,-3,-8,10,5,12,3,-9,-10,-6,17,-10,17,-8
386,12,2,0xf5f8f005f1f501ebf1fff4e9f1f4fa03,-11,-8,-16,5,-15,-11,1,-21,-15,-1,-12,-23,-15,-12,-6,3
387,12,3,0xee0af0fd0f0a12fffafbf10cf2f20409,-18,10,-16,-3,15,10,18,-1,-6,-5,-15,12,-14,-14,4,9
388,12,4,0xff01faf30d12f1fdf0060ff2ee1203fc,-1,1,-6,-13,13,18,-15,-3,-16,6,15,-14,-18,18,3,-4
389,12,5,0x0a071205f50df8f20f070b0100080af3,10,7,18,5,-11,13,-8,-14,15,7,11,1,0,8,10,-13
390,12,6,0x02fb08e90c03020cfcf3f1f4100b0bfa,2,-5,8,-23,12,3,2,12,-4,-13,-15,-12,16,11,11,-6
391,12,7,0x020ffef8fa08f80e07fcf3020cf702f2,2,15,-2,-8,-6,8,-8,14,7,-4,-13,2,12,-9,2,-14
392,12,8,0xf1ef06f1ff090414fd10fa0109f6f807,-15,-17,6,-15,-1,9,4,20,-3,16,-6,1,9,-10,-8,7
393,12,9,0xee03f602f905ff0e10080610f80ef4f0,-18,3,-10,2,-7,5,-1,14,16,8,6,16,-8,14,-12,-16
394,12,10,0x03020cffebf1f306fcf0ec020005170a,3,2,12,-1,-21,-15,-13,6,-4,-16,-20,2,0,5,23,10
395,12,11,0x0ffd0ffc01000afb06f90602f1ec14f7,15,-3,15,-4,1,0,10,-5,6,-7,6,2,-15,-20,20,-9
396,12,12,0x04fbfaec1211ffee090bf60aeefb0dee,4,-5,-6,-20,18,17,-1,-18,9,11,-10,10,-18,-5,13,-18
397,12,13,0x0a02f212f8fa03ee0cefff0d0dfa0b11,10,2,-14,18,-8,-6,3,-18,12,-17,-1,13,13,-6,11,17
398,12,14,0x00ef10f903f9fe051306eff1f713f806,0,-17,16,-7,3,-7,-2,5,19,6,-17,-15,-9,19,-8,6
399,12,15,0xf8f209070e15f4f00b130c02080b07f8,-8,-14,9,7,14,21,-12,-16,11,19,12,2,8,11,7,-8
400,12,16,0xfcfaf40deef30406f403fdf4f301110f,-4,-6,-12,13,-18,-13,4,6,-12,3,-3,-12,-13,1,17,15
401,12,17,0xf5f8fd0110f8f5ee00f60ef3f3f2f3f2,-11,-8,-3,1,16,-8,-11,-18,0,-10,14,-13,-13,-14,-13,-14
402,12,18,0xf910f9f0160d0bfdfd03fdecfc0f0b0c,-7,16,-7,-16,22,13,11,-3,-3,3,-3,-20,-4,15,11,12
403,12,19,0xeff30ef10cf70210fb0707fdf7f403f5,-17,-13,14,-15,12,-9,2,16,-5,7,7,-3,-9,-12,3,-11
404,12,20,0x06fc09f5ef04ed03f2100809f00b0210,6,-4,9,-11,-17,4,-19,3,-14,16,8,9,-16,11,2,16
405,12,21,0xfef3100ef8fcf9f90e10ef05ee11050d,-2,-13,16,14,-8,-4,-7,-7,14,16,-17,5,-18,17,5,13
406,12,22,0x050afd0c06ff0b030dfef8f8f6fa00f4,5,10,-3,12,6,-1,11,3,13,-2,-8,-8,-10,-6,0,-12
407,12,23,0x0710f7f30008110f0dfdfef80af4f0ff,7,16,-9,-13,0,8,17,15,13,-3,-2,-8,10,-12,-16,-1
408,12,24,0xee06f7fb0cf313070d0af80913fdf4f9,-18,6,-9,-5,12,-13,19,7,13,10,-8,9,19,-3,-12,-7
409,12,25,0xf814070a0fe814fffaf914f407070311,-8,20,7,10,15,-24,20,-1,-6,-7,20,-12,7,7,3,17
410,12,26,0x03faf411f1edf9ecf907f3edfffa11ee,3,-6,-12,17,-15,-19,-7,-20,-7,7,-13,-19,-1,-6,17,-18
411,12,27,0xedf2f908fc0804ef09f1f40deefa03f0,-19,-14,-7,8,-4,8,4,-17,9,-15,-12,13,-18,-6,3,-16
412,12,28,0x15090004ff09eb08070af00c0004f311,21,9,0,4,-1,9,-21,8,7,10,-16,12,0,4,-13,17
413,12,29,0xf7f000f5f202faf712fdfafdf40aee09,-9,-16,0,-11,-14,2,-6,-9,18,-3,-6,-3,-12,10,-18,9
414,12,30,0x08f5fe121207f30a010401ec05eeff03,8,-11,-2,18,18,7,-13,10,1,4,1,-20,5,-18,-1,3
415,12,31,0x08eb0df9f11010f00afdf8f308f506f6,8,-21,13,-7,-15,16,16,-16,10,-3,-8,-13,8,-11,6,-10
416,13,0,0xf8f6f6f904070bfb11fef3f21309f0f6,-8,-10,-10,-7,4,7,11,-5,17,-2,-13,-14,19,9,-16,-10
417,13,1,0x00ee1002010606f7f212f509f70412f9,0,-18,16,2,1,6,6,-9,-14,18,-11,9,-9,4,18,-7
418,13,2,0x050bf4000900fbedf00612fa120208eb,5,11,-12,0,9,0,-5,-19,-16,6,18,-6,18,2,8,-21
419,13,3,0x0904070fee03ee09eef400fff3f1ffef,9,4,7,15,-18,3,-18,9,-18,-12,0,-1,-13,-15,-1,-17
420,13,4,0xfc0e0df8fdf702fe0812080bfbf8eb0a,-4,14,13,-8,-3,-9,2,-2,8,18,8,11,-5,-8,-21,10
421,13,5,0x11fcf909070309fc07f7f8fbf9fcf207,17,-4,-7,9,7,3,9,-4,7,-9,-8,-5,-7,-4,-14,7
422,13,6,0xf00cf4f7f6ef020706fdf9f0f3f4faf6,-16,12,-12,-9,-10,-17,2,7,6,-3,-7,-16,-13,-12,-6,-10
423,13,7,0xffe8040e08ed030707020cfd0efbf409,-1,-24,4,14,8,-19,3,7,7,2,12,-3,14,-5,-12,9
424,13,8,0xf20509f3f9100e04ed08fbecf1f113f7,-14,5,9,-13,-7,16,14,4,-19,8,-5,-20,-15,-15,19,-9
425,13,9,0x0911f804fceffcfe05090a0d05f3fb0f,9,17,-8,4,-4,-17,-4,-2,5,9,10,13,5,-13,-5,15
426,13,10,0x0beb13ef0dfc09090afff7f5eaf3f8f4,11,-21,19,-17,13,-4,9,9,10,-1,-9,-11,-22,-13,-8,-12
427,13,11,0xf6f70e0a110a1004edf6f8fef3fcf40d,-10,-9,14,10,17,10,16,4,-19,-10,-8,-2,-13,-4,-12,13
428,13,12,0x10f7fffb0a0b05fef3100e1204ee1113,16,-9,-1,-5,10,11,5,-2,-13,16,14,18,4,-18,17,19
429,13,13,0xfdf104070614f209ef0c1002090007f3,-3,-15,4,7,6,20,-14,9,-17,12,16,2,9,0,7,-13
430,13,14,0x050ff4f8f20502f300f9eb0ffd080e08,5,15,-12,-8,-14,5,2,-13,0,-7,-21,15,-3,8,14,8
431,13,15,0x0108f603fc0c030e00eefbfef9f90afb,1,8,-10,3,-4,12,3,14,0,-18,-5,-2,-7,-7,10,-5
432,13,16,0x0ef4f60cfc110ff809fa0ff7fff903fe,14,-12,-10,12,-4,17,15,-8,9,-6,15,-9,-1,-7,3,-2
433,13,17,0xfff3f1fefaf3f4060af6fdf5ee0a0400,-1,-13,-15,-2,-6,-13,-12,6,10,-10,-3,-11,-18,10,4,0
434,13,18,0xfb0fee0bf9eb11fc11ef0dff080df6e9,-5,15,-18,11,-7,-21,17,-4,17,-17,13,-1,8,13,-10,-23
435,13,19,0xfb0212f4f80a06081109fe0df4ee0aee,-5,2,18,-12,-8,10,6,8,17,9,-2,13,-12,-18,10,-18
436,13,20,0x0af8030e0dfc10ee0b04060d130e0af8,10,-8,3,14,13,-4,16,-18,11,4,6,13,19,14,10,-8
437,13,21,0xf50dfff0050f020c0f010dfa0c020ced,-11,13,-1,-16,5,15,2,12,15,1,13,-6,12,2,12,-19
438,13,22,0x0aeb00021104ee120f0902000ff1f1ed,10,-21,0,2,17,4,-18,18,15,9,2,0,15,-15,-15,-19
439,13,23,0xf4fe0cf908f6070bf20306f90eff08fe,-12,-2,12,-7,8,-10,7,11,-14,3,6,-7,14,-1,8,-2
440,13,24,0xf7f40907f4fef10904ff10ebf6edfd0d,-9,-12,9,7,-12,-2,-15,9,4,-1,16,-21,-10,-19,-3,13
441,13,25,0x08f4f3f30ef4f1ef0110fdef1002060f,8,-12,-13,-13,14,-12,-15,-17,1,16,-3,-17,16,2,6,15
442,13,26,0x030cf6fafe0b00f4f503f20cff1406fc,3,12,-10,-6,-2,11,0,-12,-11,3,-14,12,-1,20,6,-4
443,13,27,0x0ff4ef010202f10a14fcebedf6eaec02,15,-12,-17,1,2,2,-15,10,20,-4,-21,-19,-10,-22,-20,2
444,13,28,0xea08fb08eeffee0ef9fd0af2f20306f3,-22,8,-5,8,-18,-1,-18,14,-7,-3,10,-14,-14,3,6,-13
445,13,29,0x0df810f10bf10cf0f40d0e07ff000510,13,-8,16,-15,11,-15,12,-16,-12,13,14,7,-1,0,5,16
446,13,30,0xeff0f112ed0304fc0bff0af4f001080d,-17,-16,-15,18,-19,3,4,-4,11,-1,10,-12,-16,1,8,13
447,13,31,0x180c02f3f305f901f3f4f203eeec0412,24,12,2,-13,-13,5,-7,1,-13,-12,-14,3,-18,-20,4,18
448,14,0,0xf710100ef40d0111f3060b07fcfbffed,-9,16,16,14,-12,13,1,17,-13,6,11,7,-4,-5,-1,-19
449,14,1,0xf401f0f1f6f511eefa080dfded0d0af4,-12,1,-16,-15,-10,-11,17,-18,-6,8,13,-3,-19,13,10,-12
450,14,2,0xee00fa00010c05fcf3f1fffcf108faf2,-18,0,-6,0,1,12,5,-4,-13,-15,-1,-4,-15,8,-6,-14
451,14,3,0x0efb060c0af6ee13fd0bfc10fffa10ff,14,-5,6,12,10,-10,-18,19,-3,11,-4,16,-1,-6,16,-1
452,14,4,0xf00d0d00f10a00f601ff04040c01f511,-16,13,13,0,-15,10,0,-10,1,-1,4,4,12,1,-11,17
453,14,5,0x051411fb16f7fdf5f603f20e06f5fa0b,5,20,17,-5,22,-9,-3,-11,-10,3,-14,14,6,-11,-6,11
454,14,6,0xf9f5f0fe0ceff910030905050803ffef,-7,-11,-16,-2,12,-17,-7,16,3,9,5,5,8,3,-1,-17
455,14,7,0xf0f3f3f4fdecfb0210050df8020903f7,-16,-13,-13,-12,-3,-20,-5,2,16,5,13,-8,2,9,3,-9
456,14,8,0xeff6f10bf3f918ec02f502efecf7faf2,-17,-10,-15,11,-13,-7,24,-20,2,-11,2,-17,-20,-9,-6,-14
457,14,9,0xf411f0fcf5f5f3eef2f201ef06fcf2f4,-12,17,-16,-4,-11,-11,-13,-18,-14,-14,1,-17,6,-4,-14,-12
458,14,10,0xed0cf3fcf8f5f2fa0aeff5060ffa02fc,-19,12,-13,-4,-8,-11,-14,-6,10,-17,-11,6,15,-6,2,-4
459,14,11,0x010bf8f50210f014fdfa0afe0201f107,1,11,-8,-11,2,16,-16,20,-3,-6,10,-2,2,1,-15,7
460,14,12,0xf1fd1007ee05fdfe09f7fb03f4f7090c,-15,-3,16,7,-18,5,-3,-2,9,-9,-5,3,-12,-9,9,12
461,14,13,0x0c0b0bf9f0fdf3fbfd00f6eff8f3ef05,12,11,11,-7,-16,-3,-13,-5,-3,0,-10,-17,-8,-13,-17,5
462,14,14,0x0eed0eeffaf0f5f5fdf4fa0ffbf30307,14,-19,14,-17,-6,-16,-11,-11,-3,-12,-6,15,-5,-13,3,7
463,14,15,0x00ef0dedfd11fcfa1214efef09f5fdf1,0,-17,13,-19,-3,17,-4,-6,18,20,-17,-17,9,-11,-3,-15
464,14,16,0x0206f3fe07f508fdf7fffd0214f512f0,2,6,-13,-2,7,-11,8,-3,-9,-1,-3,2,20,-11,18,-16
465,14,17,0xf5ecfa0d11fa0e05f711020bfd03f9f6,-11,-20,-6,13,17,-6,14,5,-9,17,2,11,-3,3,-7,-10
466,14,18,0xfbecf0fff40a09f2f9eefdf5100efbf9,-5,-20,-16,-1,-12,10,9,-14,-7,-18,-3,-11,16,14,-5,-7
467,14,19,0xf50805f30cf7f114ed010c0cec0dff10,-11,8,5,-13,12,-9,-15,20,-19,1,12,12,-20,13,-1,16
468,14,20,0xf10bf80df415fd06f70df6faf312f1f1,-15,11,-8,13,-12,21,-3,6,-9,13,-10,-6,-13,18,-15,-15
469,14,21,0xf5f312edf803faf1f7fd08ecf403f1ee,-11,-13,18,-19,-8,3,-6,-15,-9,-3,8,-20,-12,3,-15,-18
470,14,22,0xf0edfef01011f60f0a020afd0a121202,-16,-19,-2,-16,16,17,-10,15,10,2,10,-3,10,18,18,2
471,14,23,0xfbf3ef0510f20805efeffc140e07f908,-5,-13,-17,5,16,-14,8,5,-17,-17,-4,20,14,7,-7,8
472,14,24,0x0e06faf3ef080010ed090105fc01f107,14,6,-6,-13,-17,8,0,16,-19,9,1,5,-4,1,-15,7
473,14,25,0xf61bf4f00a0305f20afff208f9f4ff13,-10,27,-12,-16,10,3,5,-14,10,-1,-14,8,-7,-12,-1,19
474,14,26,0x0c020cfff1fff604f1f2fcf50613fff2,12,2,12,-1,-15,-1,-10,4,-15,-14,-4,-11,6,19,-1,-14
475,14,27,0x150e0af2ff0bff0e0b10fcfc0209edfa,21,14,10,-14,-1,11,-1,14,11,16,-4,-4,2,9,-19,-6
476,14,28,0xeaf406fa0c060e0c0506eff308fff303,-22,-12,6,-6,12,6,14,12,5,6,-17,-13,8,-1,-13,3
477,14,29,0x0aff0b0c1009f90c040a090102150ffc,10,-1,11,12,16,9,-7,12,4,10,9,1,2,21,15,-4
478,14,30,0xfbf6ee09f7ffedf40dfbfc0509eef70c,-5,-10,-18,9,-9,-1,-19,-12,13,-5,-4,5,9,-18,-9,12
479,14,31,0xfa04f8ff14fc03eb0111fb0f10040c00,-6,4,-8,-1,20,-4,3,-21,1,17,-5,15,16,4,12,0
480,15,0,0x04fd00edfdf401fb15fe0ffaf3000ffe,4,-3,0,-19,-3,-12,1,-5,21,-2,15,-6,-13,0,15,-2
481,15,1,0x0805f4fcf30d040ef3f1f100fcf3f713,8,5,-12,-4,-13,13,4,14,-13,-15,-15,0,-4,-13,-9,19
482,15,2,0x01f80b0513fc000afa081100131007f8,1,-8,11,5,19,-4,0,10,-6,8,17,0,19,16,7,-8
483,15,3,0xf7120d05fbf8100df9f6f30efd0c05f9,-9,18,13,5,-5,-8,16,13,-7,-10,-13,14,-3,12,5,-7
484,15,4,0xfd0703ff1512f20412f0fcf2f9130901,-3,7,3,-1,21,18,-14,4,18,-16,-4,-14,-7,19,9,1
485,15,5,0xf1ebf6fc05f1f4f9effafb03060a0e04,-15,-21,-10,-4,5,-15,-12,-7,-17,-6,-5,3,6,10,14,4
486,15,6,0xf8100606f8f90502f5100ef70bf900fd,-8,16,6,6,-8,-7,5,2,-11,16,14,-9,11,-7,0,-3
487,15,7,0x1000ef040a000df3f90c0310040410f7,16,0,-17,4,10,0,13,-13,-7,12,3,16,4,4,16,-9
488,15,8,0xf4fd00fef7faec00ff13f016fdfc1402,-12,-3,0,-2,-9,-6,-20,0,-1,19,-16,22,-3,-4,20,2
489,15,9,0xf7f703f7010f0ef4fbeff111f5fb12fd,-9,-9,3,-9,1,15,14,-12,-5,-17,-15,17,-11,-5,18,-3
490,15,10,0x0b01120e0d0e0ef610080900f7fa07f3,11,1,18,14,13,14,14,-10,16,8,9,0,-9,-6,7,-13
491,15,11,0x000610f50cfef6f5ec0713f80ef5ee15,0,6,16,-11,12,-2,-10,-11,-20,7,19,-8,14,-11,-18,21
492,15,12,0xfffa06f0061108f10111f9060cf50feb,-1,-6,6,-16,6,17,8,-15,1,17,-7,6,12,-11,15,-21
493,15,13,0xfa0dfb001002f60ff7010c0c04f4fd10,-6,13,-5,0,16,2,-10,15,-9,1,12,12,4,-12,-3,16
494,15,14,0xeffff2f20ef9f411fef70d040af6f70e,-17,-1,-14,-14,14,-7,-12,17,-2,-9,13,4,10,-10,-9,14
495,15,15,0x0206ee070503001112fcf412020d0bf8,2,6,-18,7,5,3,0,17,18,-4,-12,18,2,13,11,-8
496,15,16,0x000807120d00000b0012ef05050a01fb,0,8,7,18,13,0,0,11,0,18,-17,5,5,10,1,-5
497,15,17,0x0204fe0cf3fa0bfb10ff0004f5ed0705,2,4,-2,12,-13,-6,11,-5,16,-1,0,4,-11,-19,7,5
498,15,18,0xf4f501fa00f1060af70cf0f404110ffd,-12,-11,1,-6,0,-15,6,10,-9,12,-16,-12,4,17,15,-3
499,15,19,0xf90510ec00f50eef0ef60310ef02f808,-7,5,16,-20,0,-11,14,-17,14,-10,3,16,-17,2,-8,8
500,15,20,0xf3fafbf3f2ff0c0beefcff110503f60e,-13,-6,-5,-13,-14,-1,12,11,-18,-4,-1,17,5,3,-10,14
501,15,21,0x02ecf60110f105f2f3f10301f8000def,2,-20,-10,1,16,-15,5,-14,-13,-15,3,1,-8,0,13,-17
502,15,22,0xf0eef51209050df80aef0a0210f00cfb,-16,-18,-11,18,9,5,13,-8,10,-17,10,2,16,-16,12,-5
503,15,23,0x15f4ee03fdf7f9f8f2110dec080b07f2,21,-12,-18,3,-3,-9,-7,-8,-14,17,13,-20,8,11,7,-14
504,15,24,0xfaf30912eaed070bf0f9f2eff7fdf8f5,-6,-13,9,18,-22,-19,7,11,-16,-7,-14,-17,-9,-3,-8,-11
505,15,25,0xf1fcf00a01fbf2f007fe111106f61004,-15,-4,-16,10,1,-5,-14,-16,7,-2,17,17,6,-10,16,4
506,15,26,0xeef1fc03edfc070ffd04f80703fc01f8,-18,-15,-4,3,-19,-4,7,15,-3,4,-8,7,3,-4,1,-8
507,15,27,0xf50cf806f8fff9fe1301f7ef12f0fdfc,-11,12,-8,6,-8,-1,-7,-2,19,1,-9,-17,18,-16,-3,-4
508,15,28,0xfb11eff8f50202070f0c04fe070bf0f8,-5,17,-17,-8,-11,2,2,7,15,12,4,-2,7,11,-16,-8
509,15,29,0xfceefdefef1210fe030b0dfd041108f3,-4,-18,-3,-17,-17,18,16,-2,3,11,13,-3,4,17,8,-13
510,15,30,0xf1f2f4ebf1ff0c03fa0ffd130ef806fd,-15,-14,-12,-21,-15,-1,12,3,-6,15,-3,19,14,-8,6,-3
511,15,31,0xf4f70b08fbebf309fc020ffdfe02fa0b,-12,-9,11,8,-5,-21,-13,9,-4,2,15,-3,-2,2,-6,11
512,16,0,0x0e0a0209f1fb040ffa100bf20c14fa0a,14,10,2,9,-15,-5,4,15,-6,16,11,-14,12,20,-6,10
513,16,1,0x10eef1fe070e0f04f01106f61201ef12,16,-18,-15,-2,7,14,15,4,-16,17,6,-10,18,1,-17,18
514,16,2,0x10f6ed0e0ffdf7f204fcff00effbfdfe,16,-10,-19,14,15,-3,-9,-14,4,-4,-1,0,-17,-5,-3,-2
515,16,3,0x13f70eefec0c0d0bfdfbf212f00dffff,19,-9,14,-17,-20,12,13,11,-3,-5,-14,18,-16,13,-1,-1
516,16,4,0x0b04ecf812ed08f1f9fc04eff90b06f3,11,4,-20,-8,18,-19,8,-15,-7,-4,4,-17,-7,11,6,-13
517,16,5,0x1107f1fa06fafeeef2fd00f20cfe0e02,17,7,-15,-6,6,-6,-2,-18,-14,-3,0,-14,12,-2,14,2
518,16,6,0xf8fafcf9f6fa0b02f1f1fb08f3000905,-8,-6,-4,-7,-10,-6,11,2,-15,-15,-5,8,-13,0,9,5
519,16,7,0xf308f8fc00f0f30d03fbf3f008f8fd0e,-13,8,-8,-4,0,-16,-13,13,3,-5,-13,-16,8,-8,-3,14
520,16,8,0xfaec1003120416eef6effd0700010416,-6,-20,16,3,18,4,22,-18,-10,-17,-3,7,0,1,4,22
521,16,9,0x07fff50bf208eef907130a07f3f81105,7,-1,-11,11,-14,8,-18,-7,7,19,10,7,-13,-8,17,5
522,16,10,0x010d13fffd0aff05f00e130cfff50ff9,1,13,19,-1,-3,10,-1,5,-16,14,19,12,-1,-11,15,-7
523,16,11,0xf7ec10f8ecfdeb07f4fa0e000a000c08,-9,-20,16,-8,-20,-3,-21,7,-12,-6,14,0,10,0,12,8
524,16,12,0xf50e04f2f01113fa0ff309f50306feee,-11,14,4,-14,-16,17,19,-6,15,-13,9,-11,3,6,-2,-18
525,16,13,0xf609f80513fb130b09f2f7fb0ffff00d,-10,9,-8,5,19,-5,19,11,9,-14,-9,-5,15,-1,-16,13
526,16,14,0x0ffa05fb03f1fafeef1104f8f9f8f0f2,15,-6,5,-5,3,-15,-6,-2,-17,17,4,-8,-7,-8,-16,-14
527,16,15,0x0d00f5f0fbfbfbf80b140bf5fcf0f610,13,0,-11,-16,-5,-5,-5,-8,11,20,11,-11,-4,-16,-10,16
528,16,16,0x0b0cee06f0f0051309f7fbfb100d03fd,11,12,-18,6,-16,-16,5,19,9,-9,-5,-5,16,13,3,-3
529,16,17,0x120715f40308ff0c11fffa08fff90d07,18,7,21,-12,3,8,-1,12,17,-1,-6,8,-1,-7,13,7
530,16,18,0xfff50c040ff806eff2fbf3efeef109f4,-1,-11,12,4,15,-8,6,-17,-14,-5,-13,-17,-18,-15,9,-12
531,16,19,0xfafb0cf000f6011402f103fa000f0ef9,-6,-5,12,-16,0,-10,1,20,2,-15,3,-6,0,15,14,-7
532,16,20,0x02f70b05f0f3fafa120e10fd100a0eff,2,-9,11,5,-16,-13,-6,-6,18,14,16,-3,16,10,14,-1
533,16,21,0x1008edfc12fef510f1f1fa03fb100801,16,8,-19,-4,18,-2,-11,16,-15,-15,-6,3,-5,16,8,1
534,16,22,0x0205f5fefc000c10fbefffeffcf20209,2,5,-11,-2,-4,0,12,16,-5,-17,-1,-17,-4,-14,2,9
535,16,23,0xfa090ffa0c01fbfb1011efeb0310fe0f,-6,9,15,-6,12,1,-5,-5,16,17,-17,-21,3,16,-2,15
536,16,24,0xf602f203fd02f9f5fd0cf5080fff12f8,-10,2,-14,3,-3,2,-7,-11,-3,12,-11,8,15,-1,18,-8
537,16,25,0x110cebedf402f50cf102f90af2ff1311,17,12,-21,-19,-12,2,-11,12,-15,2,-7,10,-14,-1,19,17
538,16,26,0x0a13f003f0f5f6fd1003f102f90a0ffb,10,19,-16,3,-16,-11,-10,-3,16,3,-15,2,-7,10,15,-5
539,16,27,0x0efdf80a13fc04040c12faf1f5fbfb08,14,-3,-8,10,19,-4,4,4,12,18,-6,-15,-11,-5,-5,8
540,16,28,0xe90d0bf310f3fa10050bf50df30e0a0f,-23,13,11,-13,16,-13,-6,16,5,11,-11,13,-13,14,10,15
541,16,29,0x09060cfb0b0eedecf402010d11000e05,9,6,12,-5,11,14,-19,-20,-12,2,1,13,17,0,14,5
542,16,30,0xfaf0f6feff11f6f211fb0113f1130d02,-6,-16,-10,-2,-1,17,-10,-14,17,-5,1,19,-15,19,13,2
543,16,31,0x0d0204fa08110a0df9f2f2f20209f009,13,2,4,-6,8,17,10,13,-7,-14,-14,-14,2,9,-16,9
544,17,0,0xf003040bff090ff70105000804ff1400,-16,3,4,11,-1,9,15,-9,1,5,0,8,4,-1,20,0
545,17,1,0x07ebed0a0f08000cf910ee10fefaf6f5,7,-21,-19,10,15,8,0,12,-7,16,-18,16,-2,-6,-10,-11
546,17,2,0x0af0ed030c0c02f107f7f71508fb09f0,10,-16,-19,3,12,12,2,-15,7,-9,-9,21,8,-5,9,-16
547,17,3,0xeffd09fbf5f0f9fd09f309f9f004fe0f,-17,-3,9,-5,-11,-16,-7,-3,9,-13,9,-7,-16,4,-2,15
548,17,4,0xfa0c04f1110bf5fa0af6000dfaf60c0c,-6,12,4,-15,17,11,-11,-6,10,-10,0,13,-6,-10,12,12
549,17,5,0xfb0506fdf4f90af4eb0711f40415fdf4,-5,5,6,-3,-12,-7,10,-12,-21,7,17,-12,4,21,-3,-12
550,17,6,0xf0f20beff3ec15fcfefd0d0a0debf4fa,-16,-14,11,-17,-13,-20,21,-4,-2,-3,13,10,13,-21,-12,-6
551,17,7,0x01f1ff0efb060cf50bf2f412fbf6f00b,1,-15,-1,14,-5,6,12,-11,11,-14,-12,18,-5,-10,-16,11
552,17,8,0x11f60d0d0beffcffeefdfe0e14091301,17,-10,13,13,11,-17,-4,-1,-18,-3,-2,14,20,9,19,1
553,17,9,0x0af308fcef01060ff30d0df80b110f0b,10,-13,8,-4,-17,1,6,15,-13,13,13,-8,11,17,15,11
554,17,10,0xff070e02f2f6ebf10dfafdef09f8ff0c,-1,7,14,2,-14,-10,-21,-15,13,-6,-3,-17,9,-8,-1,12
555,17,11,0xfe0ef1fff3f60aea0a05fd0b14fc0bf9,-2,14,-15,-1,-13,-10,10,-22,10,5,-3,11,20,-4,11,-7
556,17,12,0xf013fafb0deeff110a040b0df412ff05,-16,19,-6,-5,13,-18,-1,17,10,4,11,13,-12,18,-1,5
557,17,13,0x000b0b0912feedfff00bea030108eff3,0,11,11,9,18,-2,-19,-1,-16,11,-22,3,1,8,-17,-13
558,17,14,0xfb03edfefb1007f6f2ff120a1202f30c,-5,3,-19,-2,-5,16,7,-10,-14,-1,18,10,18,2,-13,12
559,17,15,0xf8fb07030a14f8fd130bf2fcf5f8f7f4,-8,-5,7,3,10,20,-8,-3,19,11,-14,-4,-11,-8,-9,-12
560,17,16,0xf01105ee03ff1412f8f70509f7faf8f1,-16,17,5,-18,3,-1,20,18,-8,-9,5,9,-9,-6,-8,-15
561,17,17,0x0cfa0bf1f6150feffeeefe08fbef0d06,12,-6,11,-15,-10,21,15,-17,-2,-18,-2,8,-5,-17,13,6
562,17,18,0xf6f5fdf7edfef900f9f61410fb010cf8,-10,-11,-3,-9,-19,-2,-7,0,-7,-10,20,16,-5,1,12,-8
563,17,19,0x05f1f00c12f90ff01206f4ed02020708,5,-15,-16,12,18,-7,15,-16,18,6,-12,-19,2,2,7,8
564,17,20,0xedf4f80cf9f6fc0eeef8f1f8f90c09f9,-19,-12,-8,12,-7,-10,-4,14,-18,-8,-15,-8,-7,12,9,-7
565,17,21,0x0706ecfe0a0f0b04ef0d0c060707fcf7,7,6,-20,-2,10,15,11,4,-17,13,12,6,7,7,-4,-9
566,17,22,0xf6050a120b03fa050b04090201f5f70c,-10,5,10,18,11,3,-6,5,11,4,9,2,1,-11,-9,12
567,17,23,0x040b0bf6000c011611130ffefb06fd18,4,11,11,-10,0,12,1,22,17,19,15,-2,-5,6,-3,24
568,17,24,0x17f7f303050a1403eb16f90cf7eef3ef,23,-9,-13,3,5,10,20,3,-21,22,-7,12,-9,-18,-13,-17
569,17,25,0xf103fb040ef409eff7eb05fdf10d0bef,-15,3,-5,4,14,-12,9,-17,-9,-21,5,-3,-15,13,11,-17
570,17,26,0xf303fff906f0060a0a0af1fc0705f00c,-13,3,-1,-7,6,-16,6,10,10,10,-15,-4,7,5,-16,12
571,17,27,0xf20bec0bfefef3fe0d0df2ed0a0c0b09,-14,11,-20,11,-2,-2,-13,-2,13,13,-14,-19,10,12,11,9
572,17,28,0xfdf613f5f0f5fcfd03170df0edffef11,-3,-10,19,-11,-16,-11,-4,-3,3,23,13,-16,-19,-1,-17,17
573,17,29,0xfe08040b09f40bf9f1fc13080df7f402,-2,8,4,11,9,-12,11,-7,-15,-4,19,8,13,-9,-12,2
574,17,30,0xfb0cef0eeefa000f0bfef809fff9f6fb,-5,12,-17,14,-18,-6,0,15,11,-2,-8,9,-1,-7,-10,-5
575,17,31,0x071109f007fcf812fbec0013050df5f9,7,17,9,-16,7,-4,-8,18,-5,-20,0,19,5,13,-11,-7
576,18,0,0xfbfe0b12f105f10e0805edf7f111ff0d,-5,-2,11,18,-15,5,-15,14,8,5,-19,-9,-15,17,-1,13
577,18,1,0x13f3f2f101fc14101009f9f813f609f1,19,-13,-14,-15,1,-4,20,16,16,9,-7,-8,19,-10,9,-15
578,18,2,0xf8fe010df30a0efafdfa0bf40b0f0efe,-8,-2,1,13,-13,10,14,-6,-3,-6,11,-12,11,15,14,-2
579,18,3,0x130af2100814ff030404f909f40d12f6,19,10,-14,16,8,20,-1,3,4,4,-7,9,-12,13,18,-10
580,18,4,0xfbf80ef4f912f5f8fe0d0814edf505f1,-5,-8,14,-12,-7,18,-11,-8,-2,13,8,20,-19,-11,5,-15
581,18,5,0x040101050debf10014fff404f0f6f7ea,4,1,1,5,13,-21,-15,0,20,-1,-12,4,-16,-10,-9,-22
582,18,6,0xfcee07ee05f2f301f8f7010c0af3fd11,-4,-18,7,-18,5,-14,-13,1,-8,-9,1,12,10,-13,-3,17
583,18,7,0x0413ff09080e0513f7effdfdfeedfe13,4,19,-1,9,8,14,5,19,-9,-17,-3,-3,-2,-19,-2,19
584,18,8,0xf1fd020708edf312fff2fc01fb040312,-15,-3,2,7,8,-19,-13,18,-1,-14,-4,1,-5,4,3,18
585,18,9,0xeb0805f90110fa04040ff9f6f40d09fb,-21,8,5,-7,1,16,-6,4,4,15,-7,-10,-12,13,9,-5
586,18,10,0xf50ef50bf20b050cf80b011215f1f800,-11,14,-11,11,-14,11,5,12,-8,11,1,18,21,-15,-8,0
587,18,11,0xea0ef0f714effb1010f8f113f0f107f6,-22,14,-16,-9,20,-17,-5,16,16,-8,-15,19,-16,-15,7,-10
588,18,12,0x131909fcf805edf30e01ed100ef8ef0c,19,25,9,-4,-8,5,-19,-13,14,1,-19,16,14,-8,-17,12
589,18,13,0x0a06f6f3f60808ee09ecf5ff13f3f5f0,10,6,-10,-13,-10,8,8,-18,9,-20,-11,-1,19,-13,-11,-16
590,18,14,0x0cf1f7eb0a0612fe11f808f1030e0713,12,-15,-9,-21,10,6,18,-2,17,-8,8,-15,3,14,7,19
591,18,15,0xfcf1fe0b0508f312fff30bf204fef5f1,-4,-15,-2,11,5,8,-13,18,-1,-13,11,-14,4,-2,-11,-15
592,18,16,0xfbf8f9ffff0b1207ee11eef300ee0706,-5,-8,-7,-1,-1,11,18,7,-18,17,-18,-13,0,-18,7,6
593,18,17,0x120806080503060615fe080b0bfcff11,18,8,6,8,5,3,6,6,21,-2,8,11,11,-4,-1,17
594,18,18,0x050cfffbfe01f2050e0afcedf0040b06,5,12,-1,-5,-2,1,-14,5,14,10,-4,-19,-16,4,11,6
595,18,19,0xf9fa0afcfcf80f070d0c08fafd0209f3,-7,-6,10,-4,-4,-8,15,7,13,12,8,-6,-3,2,9,-13
596,18,20,0xf007040af1080e0e12f6f010f30a0504,-16,7,4,10,-15,8,14,14,18,-10,-16,16,-13,10,5,4
597,18,21,0x1402f6fc04f2f504fa060efdf0120b04,20,2,-10,-4,4,-14,-11,4,-6,6,14,-3,-16,18,11,4
598,18,22,0xeef311081309ef06f7f7fffe1306fa06,-18,-13,17,8,19,9,-17,6,-9,-9,-1,-2,19,6,-6,6
599,18,23,0xf2fcf4f411fcf40bff05f5feebff09ff,-14,-4,-12,-12,17,-4,-12,11,-1,5,-11,-2,-21,-1,9,-1
600,18,24,0x0907f30df60810fb0bf500f2030f0efb,9,7,-13,13,-10,8,16,-5,11,-11,0,-14,3,15,14,-5
601,18,25,0x05f20208071008f2fa0df01214edfcf0,5,-14,2,8,7,16,8,-14,-6,13,-16,18,20,-19,-4,-16
602,18,26,0xf90604f60706f0eff50ffbf7f6f1f309,-7,6,4,-10,7,6,-16,-17,-11,15,-5,-9,-10,-15,-13,9
603,18,27,0xf4f80c01f9edef0eeb0603fdf40d040f,-12,-8,12,1,-7,-19,-17,14,-21,6,3,-3,-12,13,4,15
604,18,28,0x000cf50915f202f8f90003ef0a100302,0,12,-11,9,21,-14,2,-8,-7,0,3,-17,10,16,3,2
605,18,29,0x03f8f70807f0f8f9f312fa00fb02ef0d,3,-8,-9,8,7,-16,-8,-7,-13,18,-6,0,-5,2,-17,13
606,18,30,0x0e14ed0f0eeffa000a0b090cfeeef403,14,20,-19,15,14,-17,-6,0,10,11,9,12,-2,-18,-12,3
607,18,31,0xf30c041316f8fdfcffecf6f4ffedef0d,-13,12,4,19,22,-8,-3,-4,-1,-20,-10,-12,-1,-19,-17,13
608,19,0,0x0cf7fdfdfe14edfdf4f8f113060df90a,12,-9,-3,-3,-2,20,-19,-3,-12,-8,-15,19,6,13,-7,10
609,19,1,0x04ef1007ff1211f710f9f2ed0a0e0402,4,-17,16,7,-1,18,17,-9,16,-7,-14,-19,10,14,4,2
610,19,2,0x0d130ff6060212040f110e01f610f505,13,19,15,-10,6,2,18,4,15,17,14,1,-10,16,-11,5
611,19,3,0xf3f50f01060501f710ed02ee0f110209,-13,-11,15,1,6,5,1,-9,16,-19,2,-18,15,17,2,9
612,19,4,0xf4f00cfd0309f411040dff1010f30e07,-12,-16,12,-3,3,9,-12,17,4,13,-1,16,16,-13,14,7
613,19,5,0x06020c0cf2f9fcf005070701060c0bff,6,2,12,12,-14,-7,-4,-16,5,7,7,1,6,12,11,-1
614,19,6,0xeefffbf20205030009fa0503f6020c00,-18,-1,-5,-14,2,5,3,0,9,-6,5,3,-10,2,12,0
615,19,7,0x0b0902f9f8ed16f3ee01fc0df709010e,11,9,2,-7,-8,-19,22,-13,-18,1,-4,13,-9,9,1,14
616,19,8,0xf1120200f2f6ecf1091211fc06f3edfb,-15,18,2,0,-14,-10,-20,-15,9,18,17,-4,6,-13,-19,-5
617,19,9,0xfffc10030400050d06f417fff50ff4fa,-1,-4,16,3,4,0,5,13,6,-12,23,-1,-11,15,-12,-6
618,19,10,0xfef210fc030c10f4090d0bf103030bef,-2,-14,16,-4,3,12,16,-12,9,13,11,-15,3,3,11,-17
619,19,11,0xf10bf5f304effbff12ed0af5f4f609eb,-15,11,-11,-13,4,-17,-5,-1,18,-19,10,-11,-12,-10,9,-21
620,19,12,0x06f7f80ff3f00701fc13f4f6f4f20f0a,6,-9,-8,15,-13,-16,7,1,-4,19,-12,-10,-12,-14,15,10
621,19,13,0x090202fe0cedf3f1ff11fded06f20a11,9,2,2,-2,12,-19,-13,-15,-1,17,-3,-19,6,-14,10,17
622,19,14,0x00f40104f20406f012f717ecf111f603,0,-12,1,4,-14,4,6,-16,18,-9,23,-20,-15,17,-10,3
623,19,15,0xfbfbf413f60f0ff8000a0012f107fe00,-5,-5,-12,19,-10,15,15,-8,0,10,0,18,-15,7,-2,0
624,19,16,0x08020800ff0cfbfc0bfb0f0d13110507,8,2,8,0,-1,12,-5,-4,11,-5,15,13,19,17,5,7
625,19,17,0x0eec1202fffefdecf0edeef7f1ef0312,14,-20,18,2,-1,-2,-3,-20,-16,-19,-18,-9,-15,-17,3,18
626,19,18,0xfe03f5f6f90609050bfcf6f705ff0aed,-2,3,-11,-10,-7,6,9,5,11,-4,-10,-9,5,-1,10,-19
627,19,19,0x0905110805f0f00f090b05f8f70c0605,9,5,17,8,5,-16,-16,15,9,11,5,-8,-9,12,6,5
628,19,20,0x1309fb08eff102f306021101fbfdfe08,19,9,-5,8,-17,-15,2,-13,6,2,17,1,-5,-3,-2,8
629,19,21,0x13f5ed030704f3090a10fa100ded1000,19,-11,-19,3,7,4,-13,9,10,16,-6,16,13,-19,16,0
630,19,22,0xf2fef0ff0a0d0911f90af8060d0609fe,-14,-2,-16,-1,10,13,9,17,-7,10,-8,6,13,6,9,-2
631,19,23,0xf6fcf5fef513f3f7f60ef3ecf606f003,-10,-4,-11,-2,-11,19,-13,-9,-10,14,-13,-20,-10,6,-16,3
632,19,24,0x1310110e0cfdee080f0106050afdf800,19,16,17,14,12,-3,-18,8,15,1,6,5,10,-3,-8,0
633,19,25,0x0bfafa0ff7f0f0fbeff3f6f112f20dfc,11,-6,-6,15,-9,-16,-16,-5,-17,-13,-10,-15,18,-14,13,-4
634,19,26,0xf51406010d03fe0410feedf0f0f5f3fb,-11,20,6,1,13,3,-2,4,16,-2,-19,-16,-16,-11,-13,-5
635,19,27,0xf6f1f0f0efff06fdf800f006ec11fb14,-10,-15,-16,-16,-17,-1,6,-3,-8,0,-16,6,-20,17,-5,20
636,19,28,0xf7f2fef40d050305fe0c01fc0c0f0cfe,-9,-14,-2,-12,13,5,3,5,-2,12,1,-4,12,15,12,-2
637,19,29,0xf1070d09f80310f501120b15fc00060b,-15,7,13,9,-8,3,16,-11,1,18,11,21,-4,0,6,11
638,19,30,0xf6f9f40efa0efaf91313f6fef705f0ff,-10,-7,-12,14,-6,14,-6,-7,19,19,-10,-2,-9,5,-16,-1
639,19,31,0xf8020af71b030ef2e7160303f9fbfe09,-8,2,10,-9,27,3,14,-14,-25,22,3,3,-7,-5,-2,9
640,20,0,0xec00f8fcee0703fcf301060f0309ffee,-20,0,-8,-4,-18,7,3,-4,-13,1,6,15,3,9,-1,-18
641,20,1,0x04f316ee12edf90ef502fe06f10bf4ed,4,-13,22,-18,18,-19,-7,14,-11,2,-2,6,-15,11,-12,-19
642,20,2,0xf90dfb0e11030d0414f1f00912101406,-7,13,-5,14,17,3,13,4,20,-15,-16,9,18,16,20,6
643,20,3,0xf0f30cf60011ef040306fb00111100ef,-16,-13,12,-10,0,17,-17,4,3,6,-5,0,17,17,0,-17
644,20,4,0xf610f20cef00f811f4fefb110a03eef5,-10,16,-14,12,-17,0,-8,17,-12,-2,-5,17,10,3,-18,-11
645,20,5,0xfc0cf604fe03040c0df7f3f1f50911f5,-4,12,-10,4,-2,3,4,12,13,-9,-13,-15,-11,9,17,-11
646,20,6,0x0506f10112f90c090af9fc00fbee0b04,5,6,-15,1,18,-7,12,9,10,-7,-4,0,-5,-18,11,4
647,20,7,0x09f5140ef3130cf0000f1103f9f7f8f3,9,-11,20,14,-13,19,12,-16,0,15,17,3,-7,-9,-8,-13
648,20,8,0xfb0d10ee0c05fb0406ef060507030ffb,-5,13,16,-18,12,5,-5,4,6,-17,6,5,7,3,15,-5
649,20,9,0x12f0131205fdf1f61011f6fdfc00f20a,18,-16,19,18,5,-3,-15,-10,16,17,-10,-3,-4,0,-14,10
650,20,10,0xf4fa1100fd120b0f09f30611f2110a11,-12,-6,17,0,-3,18,11,15,9,-13,6,17,-14,17,10,17
651,20,11,0xfcedf30cffed12fb08f50c0ff3f3f3f4,-4,-19,-13,12,-1,-19,18,-5,8,-11,12,15,-13,-13,-13,-12
652,20,12,0xf3fbfefc0ff7eeebf405f60bfeed140e,-13,-5,-2,-4,15,-9,-18,-21,-12,5,-10,11,-2,-19,20,14
653,20,13,0xff07fef50af906f102fd0af9f80af3f5,-1,7,-2,-11,10,-7,6,-15,2,-3,10,-7,-8,10,-13,-11
654,20,14,0xfc0a0bf50df404faf30f01f4f9fb0008,-4,10,11,-11,13,-12,4,-6,-13,15,1,-12,-7,-5,0,8
655,20,15,0x0cf1ffee06ee0cf00d08eefb0df5130d,12,-15,-1,-18,6,-18,12,-16,13,8,-18,-5,13,-11,19,13
656,20,16,0xee0df6f8050101eb0ffafd0a13ecf412,-18,13,-10,-8,5,1,1,-21,15,-6,-3,10,19,-20,-12,18
657,20,17,0x07fcf5f5eefb0cfe0c090401f40efe09,7,-4,-11,-11,-18,-5,12,-2,12,9,4,1,-12,14,-2,9
658,20,18,0xeef4fd00fef701020607eb00f7f90cef,-18,-12,-3,0,-2,-9,1,2,6,7,-21,0,-9,-7,12,-17
659,20,19,0x0dfbeff6fa0cf50707f1f0fc07ee0ef4,13,-5,-17,-10,-6,12,-11,7,7,-15,-16,-4,7,-18,14,-12
660,20,20,0x100d10fe010b03f404f3070411f20d07,16,13,16,-2,1,11,3,-12,4,-13,7,4,17,-14,13,7
661,20,21,0xf20ffaedfd10f0f809f5080a090901fa,-14,15,-6,-19,-3,16,-16,-8,9,-11,8,10,9,9,1,-6
662,20,22,0x04fd05f2f9080bf40b0dfe0d07eff0f3,4,-3,5,-14,-7,8,11,-12,11,13,-2,13,7,-17,-16,-13
663,20,23,0x080bf20507f8fef20efafaf1ffec0010,8,11,-14,5,7,-8,-2,-14,14,-6,-6,-15,-1,-20,0,16
664,20,24,0x0af9f2ee0c0ceffa14070101060f0305,10,-7,-14,-18,12,12,-17,-6,20,7,1,1,6,15,3,5
665,20,25,0x0804fdfcfefb15f0fd080af50bfbeffc,8,4,-3,-4,-2,-5,21,-16,-3,8,10,-11,11,-5,-17,-4
666,20,26,0xfbf703130712f0f906f0eb0e12fcf511,-5,-9,3,19,7,18,-16,-7,6,-16,-21,14,18,-4,-11,17
667,20,27,0xf6f107ff031012f30305130df60cf0ff,-10,-15,7,-1,3,16,18,-13,3,5,19,13,-10,12,-16,-1
668,20,28,0x0ef61000130f0ffc050c0eed05f9fcfd,14,-10,16,0,19,15,15,-4,5,12,14,-19,5,-7,-4,-3
669,20,29,0x0d100f12e9f211f7f3f9fb15f5f2fb00,13,16,15,18,-23,-14,17,-9,-13,-7,-5,21,-11,-14,-5,0
670,20,30,0x0bfdfaf201ff11f613f702f7fafb0414,11,-3,-6,-14,1,-1,17,-10,19,-9,2,-9,-6,-5,4,20
671,20,31,0xf500f10209f20b01fff4f40f0fff0912,-11,0,-15,2,9,-14,11,1,-1,-12,-12,15,15,-1,9,18
672,21,0,0xeefeff010802fef1ee020af21503f4ff,-18,-2,-1,1,8,2,-2,-15,-18,2,10,-14,21,3,-12,-1
673,21,1,0xf0100dfff5f5101214f2ed110402f410,-16,16,13,-1,-11,-11,16,18,20,-14,-19,17,4,2,-12,16
674,21,2,0xf308fc11f4f90b0e14f9eff4f7f807f7,-13,8,-4,17,-12,-7,11,14,20,-7,-17,-12,-9,-8,7,-9
675,21,3,0x09f501fe0c0507fe0bfeeffbf40a120b,9,-11,1,-2,12,5,7,-2,11,-2,-17,-5,-12,10,18,11
676,21,4,0xfdeeeffafcf001feedfef6f2fc0af6f5,-3,-18,-17,-6,-4,-16,1,-2,-19,-2,-10,-14,-4,10,-10,-11
677,21,5,0xeff9f6f704f6f601f20aefec0405f407,-17,-7,-10,-9,4,-10,-10,1,-14,10,-17,-20,4,5,-12,7
678,21,6,0xef0107fe1114020df2fd0e1316faf6ff,-17,1,7,-2,17,20,2,13,-14,-3,14,19,22,-6,-10,-1
679,21,7,0x020804f9090d120a0907fdf9eff1fd13,2,8,4,-7,9,13,18,10,9,7,-3,-7,-17,-15,-3,19
680,21,8,0x1113f3f805f5f2fc090cf4fa0bee0bfb,17,19,-13,-8,5,-11,-14,-4,9,12,-12,-6,11,-18,11,-5
681,21,9,0xed0314fbf2020f1207f1f50dedf90208,-19,3,20,-5,-14,2,15,18,7,-15,-11,13,-19,-7,2,8
682,21,10,0xed100f0efe06ff0bee09f910fbfe07ee,-19,16,15,14,-2,6,-1,11,-18,9,-7,16,-5,-2,7,-18
683,21,11,0xf7fd020c0e08040c02f7f4040f03fd09,-9,-3,2,12,14,8,4,12,2,-9,-12,4,15,3,-3,9
684,21,12,0xf605fdf60100fd060cf40d0bf6fff30d,-10,5,-3,-10,1,0,-3,6,12,-12,13,11,-10,-1,-13,13
685,21,13,0x10070af816f005effd05fe000e0d0bf9,16,7,10,-8,22,-16,5,-17,-3,5,-2,0,14,13,11,-7
686,21,14,0xf5efef05f909f305f90b0d020207f7f5,-11,-17,-17,5,-7,9,-13,5,-7,11,13,2,2,7,-9,-11
687,21,15,0xfef1f1fe11f7f9f402fc10f51001f1f5,-2,-15,-15,-2,17,-9,-7,-12,2,-4,16,-11,16,1,-15,-11
688,21,16,0xee07f0f8fefb0d0dfe0111f6050cfbfb,-18,7,-16,-8,-2,-5,13,13,-2,1,17,-10,5,12,-5,-5
689,21,17,0xf2f9ef010aeff9fcfbfc07fcfef3edf4,-14,-7,-17,1,10,-17,-7,-4,-5,-4,7,-4,-2,-13,-19,-12
690,21,18,0x0203eb09f40b07f90d060f10ff01efff,2,3,-21,9,-12,11,7,-7,13,6,15,16,-1,1,-17,-1
691,21,19,0x0905f9010e00f10808fe07fe0300020f,9,5,-7,1,14,0,-15,8,8,-2,7,-2,3,0,2,15
692,21,20,0xed0ffefbf211fcf4f8f9040afe09f70a,-19,15,-2,-5,-14,17,-4,-12,-8,-7,4,10,-2,9,-9,10
693,21,21,0xff120dfbf7f205000b02f80ffeff0403,-1,18,13,-5,-9,-14,5,0,11,2,-8,15,-2,-1,4,3
694,21,22,0x0def010203f60914f807fa11f200fcf3,13,-17,1,2,3,-10,9,20,-8,7,-6,17,-14,0,-4,-13
695,21,23,0x060a12010a0912e808f2fbf10af3fe0b,6,10,18,1,10,9,18,-24,8,-14,-5,-15,10,-13,-2,11
696,21,24,0x0f0503fdfb0b04fdf4fcf51203f613f4,15,5,3,-3,-5,11,4,-3,-12,-4,-11,18,3,-10,19,-12
697,21,25,0x03f1ec0bf405100505fe00edf104f50f,3,-15,-20,11,-12,5,16,5,5,-2,0,-19,-15,4,-11,15
698,21,26,0x0613f0f7040f0d06f40f05000b0ff209,6,19,-16,-9,4,15,13,6,-12,15,5,0,11,15,-14,9
699,21,27,0x06ed10f9ebeeff000909f7fb0806eff1,6,-19,16,-7,-21,-18,-1,0,9,9,-9,-5,8,6,-17,-15
700,21,28,0xff0003030a01f50ef3fc0709040bf4f3,-1,0,3,3,10,1,-11,14,-13,-4,7,9,4,11,-12,-13
701,21,29,0x13f4f6fef3f4f10f140201f5fe0506f6,19,-12,-10,-2,-13,-12,-15,15,20,2,1,-11,-2,5,6,-10
702,21,30,0x130d0d1212f80f10fafaffee0008f6f9,19,13,13,18,18,-8,15,16,-6,-6,-1,-18,0,8,-10,-7
703,21,31,0xed0aee0af1fa120409f60005fa0e0dfe,-19,10,-18,10,-15,-6,18,4,9,-10,0,5,-6,14,13,-2
704,22,0,0x00fa13090102f41301f6010c0b120ffe,0,-6,19,9,1,2,-12,19,1,-10,1,12,11,18,15,-2
705,22,1,0x03edeef709f5fa000e060d01070f0115,3,-19,-18,-9,9,-11,-6,0,14,6,13,1,7,15,1,21
706,22,2,0xfefd0ef41301040d03fcf8f10ff7030e,-2,-3,14,-12,19,1,4,13,3,-4,-8,-15,15,-9,3,14
707,22,3,0x0a00fcf9f80aeef2fb12fcf2130a0213,10,0,-4,-7,-8,10,-18,-14,-5,18,-4,-14,19,10,2,19
708,22,4,0x00f0f1fcf81207ff0b1211f20e0213ed,0,-16,-15,-4,-8,18,7,-1,11,18,17,-14,14,2,19,-19
709,22,5,0x11f60bf409120f10f109fcf8f0fd09ff,17,-10,11,-12,9,18,15,16,-15,9,-4,-8,-16,-3,9,-1
710,22,6,0x05ea11fa110cf0f708f70a120ef8f511,5,-22,17,-6,17,12,-16,-9,8,-9,10,18,14,-8,-11,17
711,22,7,0x1407f4ff0112f50f08040e03eb0e0a05,20,7,-12,-1,1,18,-11,15,8,4,14,3,-21,14,10,5
712,22,8,0x0607050d00f2f408050bfff0000f0108,6,7,5,13,0,-14,-12,8,5,11,-1,-16,0,15,1,8
713,22,9,0x060703fc06130f040e12110c10f405f3,6,7,3,-4,6,19,15,4,14,18,17,12,16,-12,5,-13
714,22,10,0x0104ef0bfc0aece9f7f8ec0cf6fef70f,1,4,-17,11,-4,10,-20,-23,-9,-8,-20,12,-10,-2,-9,15
715,22,11,0x030debeff6ef0402030ef0ff0decee0b,3,13,-21,-17,-10,-17,4,2,3,14,-16,-1,13,-20,-18,11
716,22,12,0xf802f50111f60bfcf1110a030f00f40c,-8,2,-11,1,17,-10,11,-4,-15,17,10,3,15,0,-12,12
717,22,13,0x11fbef120fef100501ed0a040f0c0df5,17,-5,-17,18,15,-17,16,5,1,-19,10,4,15,12,13,-11
718,22,14,0xfefff40c0c09f80d0af5ff0e02f0f50d,-2,-1,-12,12,12,9,-8,13,10,-11,-1,14,2,-16,-11,13
719,22,15,0x15fa02ed06f5fff60805ef020a07030e,21,-6,2,-19,6,-11,-1,-10,8,5,-17,2,10,7,3,14
720,22,16,0xf004090d11f80a0ffd03f208fffc04f7,-16,4,9,13,17,-8,10,15,-3,3,-14,8,-1,-4,4,-9
721,22,17,0x03f1080afb050a04fc090af90815f9ff,3,-15,8,10,-5,5,10,4,-4,9,10,-7,8,21,-7,-1
722,22,18,0x00f70af1080800fa120bf804ed0efd09,0,-9,10,-15,8,8,0,-6,18,11,-8,4,-19,14,-3,9
723,22,19,0xf807fafffff4ee120811f51119fefaf3,-8,7,-6,-1,-1,-12,-18,18,8,17,-11,17,25,-2,-6,-13
724,22,20,0xfc090a0a07050f00f0f8ee0ff4fa0113,-4,9,10,10,7,5,15,0,-16,-8,-18,15,-12,-6,1,19
725,22,21,0xfc04010311090a04fc0c11060eee030d,-4,4,1,3,17,9,10,4,-4,12,17,6,14,-18,3,13
726,22,22,0xfaf3f41006090deeff0ff7f4081109f1,-6,-13,-12,16,6,9,13,-18,-1,15,-9,-12,8,17,9,-15
727,22,23,0xf80a0a020bfb090313fe0a130a0108f3,-8,10,10,2,11,-5,9,3,19,-2,10,19,10,1,8,-13
728,22,24,0x08f4f2fef70b0012040a08f604ee0904,8,-12,-14,-2,-9,11,0,18,4,10,8,-10,4,-18,9,4
729,22,25,0xf3fafd0a0cf70d0dfd14f6f51007ebfd,-13,-6,-3,10,12,-9,13,13,-3,20,-10,-11,16,7,-21,-3
730,22,26,0x15f907fa12090806f5090bef04f21207,21,-7,7,-6,18,9,8,6,-11,9,11,-17,4,-14,18,7
731,22,27,0xfb00f2140aed140501ee0feb1211fa07,-5,0,-14,20,10,-19,20,5,1,-18,15,-21,18,17,-6,7
732,22,28,0x0d0b0ffbf5f0111201ef0a0cf9fc1211,13,11,15,-5,-11,-16,17,18,1,-17,10,12,-7,-4,18,17
733,22,29,0x14feeefbf00ff0f70e04eefd09f4fbee,20,-2,-18,-5,-16,15,-16,-9,14,4,-18,-3,9,-12,-5,-18
734,22,30,0x000d03f3f90a03050b030bf0f709f8fe,0,13,3,-13,-7,10,3,5,11,3,11,-16,-9,9,-8,-2
735,22,31,0xfc0012f30108121200f7e9f8061713f2,-4,0,18,-13,1,8,18,18,0,-9,-23,-8,6,23,19,-14
736,23,0,0xfefcf6fc0cfc01f9f2f0f1f114f9fd07,-2,-4,-10,-4,12,-4,1,-7,-14,-16,-15,-15,20,-7,-3,7
737,23,1,0x0beff5060600fc0c12fdf8fafff602ef,11,-17,-11,6,6,0,-4,12,18,-3,-8,-6,-1,-10,2,-17
738,23,2,0x0ef0efee110401f10ffe010b02150608,14,-16,-17,-18,17,4,1,-15,15,-2,1,11,2,21,6,8
739,23,3,0xfcfeef14faf4f0fd0914f4fb0efa04f6,-4,-2,-17,20,-6,-12,-16,-3,9,20,-12,-5,14,-6,4,-10
740,23,4,0x14000c020c0b08fd090c03f20a0711fb,20,0,12,2,12,11,8,-3,9,12,3,-14,10,7,17,-5
741,23,5,0xf610060c04f6f3f10af00b0904fff9f6,-10,16,6,12,4,-10,-13,-15,10,-16,11,9,4,-1,-7,-10
742,23,6,0xfff1f4f0fa090711f5030002fafdfef9,-1,-15,-12,-16,-6,9,7,17,-11,3,0,2,-6,-3,-2,-7
743,23,7,0xf106fc080107ee04f6110914ee07f6fd,-15,6,-4,8,1,7,-18,4,-10,17,9,20,-18,7,-10,-3
744,23,8,0xfc12f101ef03fef603f008f90bf9fdfa,-4,18,-15,1,-17,3,-2,-10,3,-16,8,-7,11,-7,-3,-6
745,23,9,0x0a100409f7ef0b090f11f710120e0d08,10,16,4,9,-9,-17,11,9,15,17,-9,16,18,14,13,8
746,23,10,0xf6fe0d0e0cebf81301fe0b05090005ed,-10,-2,13,14,12,-21,-8,19,1,-2,11,5,9,0,5,-19
747,23,11,0x06f7fa050b0c08f604011211edeff408,6,-9,-6,5,11,12,8,-10,4,1,18,17,-19,-17,-12,8
748,23,12,0x0714051313fb00f21009fdf6fe0b0bfb,7,20,5,19,19,-5,0,-14,16,9,-3,-10,-2,11,11,-5
749,23,13,0x100afcf8fb0b13131806fdfbf515ed11,16,10,-4,-8,-5,11,19,19,24,6,-3,-5,-11,21,-19,17
750,23,14,0x131313fbf6fa0206f80b0aef08f910ef,19,19,19,-5,-10,-6,2,6,-8,11,10,-17,8,-7,16,-17
751,23,15,0x10f9fe0302f5edf2f0030efe110f14ee,16,-7,-2,3,2,-11,-19,-14,-16,3,14,-2,17,15,20,-18
752,23,16,0xea00faf3fff20d1008040af9f203fcfa,-22,0,-6,-13,-1,-14,13,16,8,4,10,-7,-14,3,-4,-6
753,23,17,0xfd09fb0d07fff7f914f90b010cf302fa,-3,9,-5,13,7,-1,-9,-7,20,-7,11,1,12,-13,2,-6
754,23,18,0xfd1204f2f70b07f204f80bfb03f30010,-3,18,4,-14,-9,11,7,-14,4,-8,11,-5,3,-13,0,16
755,23,19,0xf3f2f5f0f103f306f1f5fd0303fdfa05,-13,-14,-11,-16,-15,3,-13,6,-15,-11,-3,3,3,-3,-6,5
756,23,20,0x09fafc0a0ffc02f900110f0ef4130708,9,-6,-4,10,15,-4,2,-7,0,17,15,14,-12,19,7,8
757,23,21,0x16ed06fd0bf003eef008f00b06fc0ef8,22,-19,6,-3,11,-16,3,-18,-16,8,-16,11,6,-4,14,-8
758,23,22,0xfaef08ec040f15f80f0afbfd05f61006,-6,-17,8,-20,4,15,21,-8,15,10,-5,-3,5,-10,16,6
759,23,23,0xf7f6fb1211f9edfd0602f00cf6010d0c,-9,-10,-5,18,17,-7,-19,-3,6,2,-16,12,-10,1,13,12
760,23,24,0xf6100d02f0ec02110101effe010efcf0,-10,16,13,2,-16,-20,2,17,1,1,-17,-2,1,14,-4,-16
761,23,25,0x020d010def07eb09f2fa0f1002ff0901,2,13,1,13,-17,7,-21,9,-14,-6,15,16,2,-1,9,1
762,23,26,0x11110414f0ff0603f4fe08f2feef0a04,17,17,4,20,-16,-1,6,3,-12,-2,8,-14,-2,-17,10,4
763,23,27,0xfcf40d05eeecf3fc06fcf703f711f812,-4,-12,13,5,-18,-20,-13,-4,6,-4,-9,3,-9,17,-8,18
764,23,28,0x12f1151105130f0508eef7ff0b04ee10,18,-15,21,17,5,19,15,5,8,-18,-9,-1,11,4,-18,16
765,23,29,0x110b060c01031108ff0609ebf00a0b0d,17,11,6,12,1,3,17,8,-1,6,9,-21,-16,10,11,13
766,23,30,0x0205f6f3fef81103f4f5ec02eeee09fb,2,5,-10,-13,-2,-8,17,3,-12,-11,-20,2,-18,-18,9,-5
767,23,31,0x10f9ecedfcee0d0211f3fd071102ef06,16,-7,-20,-19,-4,-18,13,2,17,-13,-3,7,17,2,-17,6
768,24,0,0xec08fcf6eefbf6010d01edfd03f109f1,-20,8,-4,-10,-18,-5,-10,1,13,1,-19,-3,3,-15,9,-15
769,24,1,0x0ef403fbf20305fef1fb0fef00f103f9,14,-12,3,-5,-14,3,5,-2,-15,-5,15,-17,0,-15,3,-7
770,24,2,0x0600fd0901070cf203fbfffa0f000600,6,0,-3,9,1,7,12,-14,3,-5,-1,-6,15,0,6,0
771,24,3,0xf9f5fb0e05f9ee13fa14f003030d0c04,-7,-11,-5,14,5,-7,-18,19,-6,20,-16,3,3,13,12,4
772,24,4,0x09fdf0010210f9130df8f4f8f60c12fb,9,-3,-16,1,2,16,-7,19,13,-8,-12,-8,-10,12,18,-5
773,24,5,0x01ff03fff5f20cfbf4f50aed0f0dee13,1,-1,3,-1,-11,-14,12,-5,-12,-11,10,-19,15,13,-18,19
774,24,6,0xfc09f1fc02f8f70ff407ee0215080100,-4,9,-15,-4,2,-8,-9,15,-12,7,-18,2,21,8,1,0
775,24,7,0xf101fc0814f90afd0400f70cf1fb0b02,-15,1,-4,8,20,-7,10,-3,4,0,-9,12,-15,-5,11,2
776,24,8,0x050a140002fe0b0f060507f20dec01ef,5,10,20,0,2,-2,11,15,6,5,7,-14,13,-20,1,-17
777,24,9,0x030dfff60af309f90d1111f402effb0c,3,13,-1,-10,10,-13,9,-7,13,17,17,-12,2,-17,-5,12
778,24,10,0xecfff6f5020df215f40610fef30def06,-20,-1,-10,-11,2,13,-14,21,-12,6,16,-2,-13,13,-17,6
779,24,11,0x0b09fcff0d0e0f0cfc0afe03f100000c,11,9,-4,-1,13,14,15,12,-4,10,-2,3,-15,0,0,12
780,24,12,0xf304fb13100ff1f7fefe010706ff180e,-13,4,-5,19,16,15,-15,-9,-2,-2,1,7,6,-1,24,14
781,24,13,0x0dfe0312fb12faf70efc08fcf3020c0d,13,-2,3,18,-5,18,-6,-9,14,-4,8,-4,-13,2,12,13
782,24,14,0x03ef08ee0a05f1fd08fe090c06111005,3,-17,8,-18,10,5,-15,-3,8,-2,9,12,6,17,16,5
783,24,15,0xff0110ef04050c13edf2f50905f1f8ef,-1,1,16,-17,4,5,12,19,-19,-14,-11,9,5,-15,-8,-17
784,24,16,0xf400f50bf500000d0a0ef2f604fffdff,-12,0,-11,11,-11,0,0,13,10,14,-14,-10,4,-1,-3,-1
785,24,17,0xfaf10aeff30efb0e13000102fdf9f9f7,-6,-15,10,-17,-13,14,-5,14,19,0,1,2,-3,-7,-7,-9
786,24,18,0x11f700f9050fecef08ee01ff0503070d,17,-9,0,-7,5,15,-20,-17,8,-18,1,-1,5,3,7,13
787,24,19,0xf10c11eef30cec0ff3f50f01f8f2ec0e,-15,12,17,-18,-13,12,-20,15,-13,-11,15,1,-8,-14,-20,14
788,24,20,0xf3f4fc111300eb0ef8f4010f0ff10904,-13,-12,-4,17,19,0,-21,14,-8,-12,1,15,15,-15,9,4
789,24,21,0xf3ef06ef000ef6faf7f5090e0df90e0a,-13,-17,6,-17,0,14,-10,-6,-9,-11,9,14,13,-7,14,10
790,24,22,0x0d03fcf10cea00fafdfafdeb010d0a07,13,3,-4,-15,12,-22,0,-6,-3,-6,-3,-21,1,13,10,7
791,24,23,0x0608effd04f0ee1110fcf40df6eef50b,6,8,-17,-3,4,-16,-18,17,16,-4,-12,13,-10,-18,-11,11
792,24,24,0xfb1311fbf9ff03fe01ee0cf2f50410f9,-5,19,17,-5,-7,-1,3,-2,1,-18,12,-14,-11,4,16,-7
793,24,25,0xf6160a08f2fb02f21209eeecfdf6eff0,-10,22,10,8,-14,-5,2,-14,18,9,-18,-20,-3,-10,-17,-16
794,24,26,0x0808f50cf4ff0b090bf91413f3f9050b,8,8,-11,12,-12,-1,11,9,11,-7,20,19,-13,-7,5,11
795,24,27,0xfaf7ffed0bf806fa07f4050d0af20d06,-6,-9,-1,-19,11,-8,6,-6,7,-12,5,13,10,-14,13,6
796,24,28,0x030304fa0eeb151406f1f5f803fdfdfe,3,3,4,-6,14,-21,21,20,6,-15,-11,-8,3,-3,-3,-2
797,24,29,0x14ed07151404f00108100ff40af4010e,20,-19,7,21,20,4,-16,1,8,16,15,-12,10,-12,1,14
798,24,30,0xfbf6f3f2120aea0b02f315f7f4ff07f3,-5,-10,-13,-14,18,10,-22,11,2,-13,21,-9,-12,-1,7,-13
799,24,31,0x03f9f2f1f4000bf8f9f5f80203150a13,3,-7,-14,-15,-12,0,11,-8,-7,-11,-8,2,3,21,10,19
800,25,0,0x0b030801eeff100af0090b0712f1f5f5,11,3,8,1,-18,-1,16,10,-16,9,11,7,18,-15,-11,-11
801,25,1,0xf5fafd090703f6fb0f12fc0bf7f10309,-11,-6,-3,9,7,3,-10,-5,15,18,-4,11,-9,-15,3,9
802,25,2,0x0c03fff8090bfb00fef20afd0311f70c,12,3,-1,-8,9,11,-5,0,-2,-14,10,-3,3,17,-9,12
803,25,3,0x010f0701060608f0f013ef1002ff0102,1,15,7,1,6,6,8,-16,-16,19,-17,16,2,-1,1,2
804,25,4,0xf2f8010b030801eff7f3f001ef0ffe0f,-14,-8,1,11,3,8,1,-17,-9,-13,-16,1,-17,15,-2,15
805,25,5,0xf3f70106f00c03f5000e14030af7f2f3,-13,-9,1,6,-16,12,3,-11,0,14,20,3,10,-9,-14,-13
806,25,6,0x090ff5f20d13fdee08f901f0f10c09ef,9,15,-11,-14,13,19,-3,-18,8,-7,1,-16,-15,12,9,-17
807,25,7,0xfcf1100af5f3f3f907f9eef0f0f111f5,-4,-15,16,10,-11,-13,-13,-7,7,-7,-18,-16,-16,-15,17,-11
808,25,8,0x08fe110e0c08f8fef40501fceefefb02,8,-2,17,14,12,8,-8,-2,-12,5,1,-4,-18,-2,-5,2
809,25,9,0x15f1f6050c05160e15120b03fb0ef205,21,-15,-10,5,12,5,22,14,21,18,11,3,-5,14,-14,5
810,25,10,0xef0fea0ff1fffcfd0002f5000b0e0901,-17,15,-22,15,-15,-1,-4,-3,0,2,-11,0,11,14,9,1
811,25,11,0x0a0603fef4f0f701f90deff9f9f006fb,10,6,3,-2,-12,-16,-9,1,-7,13,-17,-7,-7,-16,6,-5
812,25,12,0xf3f7feeaf1f7f9060d11ecf40203f1ed,-13,-9,-2,-22,-15,-9,-7,6,13,17,-20,-12,2,3,-15,-19
813,25,13,0x16f5f2f6f5f8ffeaf7f801f10b060600,22,-11,-14,-10,-11,-8,-1,-22,-9,-8,1,-15,11,6,6,0
814,25,14,0x0deffef603ecfe090500f8f9050e09f6,13,-17,-2,-10,3,-20,-2,9,5,0,-8,-7,5,14,9,-10
815,25,15,0x0510f2fe06f80df2ff0af5f400020af7,5,16,-14,-2,6,-8,13,-14,-1,10,-11,-12,0,2,10,-9
816,25,16,0xf902fd131300f213ff03fef3100302f6,-7,2,-3,19,19,0,-14,19,-1,3,-2,-13,16,3,2,-10
817,25,17,0x06ef0312f7040410f310fffe0c0006f0,6,-17,3,18,-9,4,4,16,-13,16,-1,-2,12,0,6,-16
818,25,18,0x14ff01f6f8faf7f60a0300f5ef06fcf1,20,-1,1,-10,-8,-6,-9,-10,10,3,0,-11,-17,6,-4,-15
819,25,19,0xeff71402fe0d0e080efd11f4f30713ff,-17,-9,20,2,-2,13,14,8,14,-3,17,-12,-13,7,19,-1
820,25,20,0xf3ee090ff2feef0b06ffef05fcf6f0f1,-13,-18,9,15,-14,-2,-17,11,6,-1,-17,5,-4,-10,-16,-15
821,25,21,0x0af7ec13fd0aecfd12080c03f3fef10d,10,-9,-20,19,-3,10,-20,-3,18,8,12,3,-13,-2,-15,13
822,25,22,0x0b0af6110210f0f5f60807010f0a13fe,11,10,-10,17,2,16,-16,-11,-10,8,7,1,15,10,19,-2
823,25,23,0xfd12f40cf4eded06fb04ee0609effcef,-3,18,-12,12,-12,-19,-19,6,-5,4,-18,6,9,-17,-4,-17
824,25,24,0x10fe091503fbfdfafff311f6f9fb13f0,16,-2,9,21,3,-5,-3,-6,-1,-13,17,-10,-7,-5,19,-16
825,25,25,0xf9fffd0d03f40ff9f5f509fbf7e804f9,-7,-1,-3,13,3,-12,15,-7,-11,-11,9,-5,-9,-24,4,-7
826,25,26,0xfe0efaf209f90f0a0feefd020e070eee,-2,14,-6,-14,9,-7,15,10,15,-18,-3,2,14,7,14,-18
827,25,27,0x10ed1209f614fa0f09fe13ef0e0f01f9,16,-19,18,9,-10,20,-6,15,9,-2,19,-17,14,15,1,-7
828,25,28,0x05f6080f0d01f1f40707edef100e0907,5,-10,8,15,13,1,-15,-12,7,7,-19,-17,16,14,9,7
829,25,29,0x0cfa06f3ff0af003e708ef07ed0e0302,12,-6,6,-13,-1,10,-16,3,-25,8,-17,7,-19,14,3,2
830,25,30,0xfff7f107f10c0c03030c12fffbedf001,-1,-9,-15,7,-15,12,12,3,3,12,18,-1,-5,-19,-16,1
831,25,31,0x0c040df8f2160400f7ff00f206fa080b,12,4,13,-8,-14,22,4,0,-9,-1,0,-14,6,-6,8,11
832,26,0,0x13f5f80cf404f4f9fa11fdf5f2100cf1,19,-11,-8,12,-12,4,-12,-7,-6,17,-3,-11,-14,16,12,-15
833,26,1,0x07fbf8f40909ef0c0f10fbffffffed02,7,-5,-8,-12,9,9,-17,12,15,16,-5,-1,-1,-1,-19,2
834,26,2,0x0beafd0310f1f00b0aed06f4fb08edfe,11,-22,-3,3,16,-15,-16,11,10,-19,6,-12,-5,8,-19,-2
835,26,3,0xf00a080c030dff0a11f108000ef9f2f0,-16,10,8,12,3,13,-1,10,17,-15,8,0,14,-7,-14,-16
836,26,4,0x07ee07050a0afdedfa0df9120b070107,7,-18,7,5,10,10,-3,-19,-6,13,-7,18,11,7,1,7
837,26,5,0xf50004ed0f0401000610f3ebf3fcee09,-11,0,4,-19,15,4,1,0,6,16,-13,-21,-13,-4,-18,9
838,26,6,0xf3fa0ff90203110014f105f3020bef08,-13,-6,15,-7,2,3,17,0,20,-15,5,-13,2,11,-17,8
839,26,7,0x0efa0d07fdf7fdfff50e00f5fafa03ff,14,-6,13,7,-3,-9,-3,-1,-11,14,0,-11,-6,-6,3,-1
840,26,8,0x011007f2fa0016050e0afc04fe0a05f5,1,16,7,-14,-6,0,22,5,14,10,-4,4,-2,10,5,-11
841,26,9,0x0e06fdfdff10f0fcfb02effb100c05f2,14,6,-3,-3,-1,16,-16,-4,-5,2,-17,-5,16,12,5,-14
842,26,10,0x12f8100b07ef080afefe0df5f40003f0,18,-8,16,11,7,-17,8,10,-2,-2,13,-11,-12,0,3,-16
843,26,11,0x0a11fcf6ed0bfa0812fe08ed06090815,10,17,-4,-10,-19,11,-6,8,18,-2,8,-19,6,9,8,21
844,26,12,0xf00ced06f71016f90b030103030a0e03,-16,12,-19,6,-9,16,22,-7,11,3,1,3,3,10,14,3
845,26,13,0x14000c040efef1f6ecfc0d100a000a08,20,0,12,4,14,-2,-15,-10,-20,-4,13,16,10,0,10,8
846,26,14,0x02fa040c0ff80113effaf0f50e040810,2,-6,4,12,15,-8,1,19,-17,-6,-16,-11,14,4,8,16
847,26,15,0xfef5f0fe060b08f9111104fe04f5fe13,-2,-11,-16,-2,6,11,8,-7,17,17,4,-2,4,-11,-2,19
848,26,16,0xf4f5fcfdf1fff8f50b13f6f60cfbfc0a,-12,-11,-4,-3,-15,-1,-8,-11,11,19,-10,-10,12,-5,-4,10
849,26,17,0xf507f4f613f0fbf004f9f0f80e0dfd05,-11,7,-12,-10,19,-16,-5,-16,4,-7,-16,-8,14,13,-3,5
850,26,18,0x0efe07150411fff80cff13ef0611120f,14,-2,7,21,4,17,-1,-8,12,-1,19,-17,6,17,18,15
851,26,19,0xf4f4fc08f80a05fc0b02fa0ff50006ef,-12,-12,-4,8,-8,10,5,-4,11,2,-6,15,-11,0,6,-17
852,26,20,0xf602fcedfe12ed0902fa0509000b05f3,-10,2,-4,-19,-2,18,-19,9,2,-6,5,9,0,11,5,-13
853,26,21,0xf90ef1040cf3feee09f00b0c09f20cfe,-7,14,-15,4,12,-13,-2,-18,9,-16,11,12,9,-14,12,-2
854,26,22,0x130a00fc000a0f0801faf1fa0d1005ed,19,10,0,-4,0,10,15,8,1,-6,-15,-6,13,16,5,-19
855,26,23,0xf60bf80013f3ef11eeef10f800110ffb,-10,11,-8,0,19,-13,-17,17,-18,-17,16,-8,0,17,15,-5
856,26,24,0xebf40ff008ff080e0bedf4edfbf6f90b,-21,-12,15,-16,8,-1,8,14,11,-19,-12,-19,-5,-10,-7,11
857,26,25,0xf00cfcfa020cf7f00300eef008f110f9,-16,12,-4,-6,2,12,-9,-16,3,0,-18,-16,8,-15,16,-7
858,26,26,0x07f2e90b07060dfeef14fdf00dfa09ef,7,-14,-23,11,7,6,13,-2,-17,20,-3,-16,13,-6,9,-17
859,26,27,0x070510f201000504ef03f410f0060f09,7,5,16,-14,1,0,5,4,-17,3,-12,16,-16,6,15,9
860,26,28,0xf8020b030a080e0af6edfbf9fa04f80c,-8,2,11,3,10,8,14,10,-10,-19,-5,-7,-6,4,-8,12
861,26,29,0x04f5fcf205f10b07f4f2faf607130508,4,-11,-4,-14,5,-15,11,7,-12,-14,-6,-10,7,19,5,8
862,26,30,0x0efa08030b0f0b030509f9f2eeeb0ff9,14,-6,8,3,11,15,11,3,5,9,-7,-14,-18,-21,15,-7
863,26,31,0xedf901ff0908f5fb0902090a0cfb00eb,-19,-7,1,-1,9,8,-11,-5,9,2,9,10,12,-5,0,-21
864,27,0,0x011002fcf109f0ee01ed0e0cfbfbfb12,1,16,2,-4,-15,9,-16,-18,1,-19,14,12,-5,-5,-5,18
865,27,1,0xf50a08fe0e10eef7f3f7010af2faf012,-11,10,8,-2,14,16,-18,-9,-13,-9,1,10,-14,-6,-16,18
866,27,2,0x03f40bf20bf1100c131005f7f3110b0a,3,-12,11,-14,11,-15,16,12,19,16,5,-9,-13,17,11,10
867,27,3,0xefee0f0bf20806eff005f60df6070501,-17,-18,15,11,-14,8,6,-17,-16,5,-10,13,-10,7,5,1
868,27,4,0x07ee00f40c0200010200fef605fdf70b,7,-18,0,-12,12,2,0,1,2,0,-2,-10,5,-3,-9,11
869,27,5,0x0dfe02121617000d0cf60602f6070c13,13,-2,2,18,22,23,0,13,12,-10,6,2,-10,7,12,19
870,27,6,0xf501f9f0f3071003ed16f20112ed10fe,-11,1,-7,-16,-13,7,16,3,-19,22,-14,1,18,-19,16,-2
871,27,7,0xfe08ebec070811f3ee06fff314000808,-2,8,-21,-20,7,8,17,-13,-18,6,-1,-13,20,0,8,8
872,27,8,0xfdee02f1f1eeeefa04f6f5fe05eff6ff,-3,-18,2,-15,-15,-18,-18,-6,4,-10,-11,-2,5,-17,-10,-1
873,27,9,0xf2f6f2020305fcf9fefff013f9f9f404,-14,-10,-14,2,3,5,-4,-7,-2,-1,-16,19,-7,-7,-12,4
874,27,10,0xef0b0b020def080e0611f30efc03fa10,-17,11,11,2,13,-17,8,14,6,17,-13,14,-4,3,-6,16
875,27,11,0x0afafdeb0001f2f1fcf2f5f8fdf3f4fc,10,-6,-3,-21,0,1,-14,-15,-4,-14,-11,-8,-3,-13,-12,-4
876,27,12,0xf7f5f20910f10af308eb0e0ceefff106,-9,-11,-14,9,16,-15,10,-13,8,-21,14,12,-18,-1,-15,6
877,27,13,0x0d00eb02040ff7010bfcf5f8051009ea,13,0,-21,2,4,15,-9,1,11,-4,-11,-8,5,16,9,-22
878,27,14,0x090df2020e10f2f803ee020eeeef1209,9,13,-14,2,14,16,-14,-8,3,-18,2,14,-18,-17,18,9
879,27,15,0xf411f5f00305fff6f90afbee00ef10f3,-12,17,-11,-16,3,5,-1,-10,-7,10,-5,-18,0,-17,16,-13
880,27,16,0xf40002f411f5fbf812fa0decfefe1201,-12,0,2,-12,17,-11,-5,-8,18,-6,13,-20,-2,-2,18,1
881,27,17,0x12fcf403eff70911f70a0004ec10f0f8,18,-4,-12,3,-17,-9,9,17,-9,10,0,4,-20,16,-16,-8
882,27,18,0x07f90ef302f0070df50bf312f813000d,7,-7,14,-13,2,-16,7,13,-11,11,-13,18,-8,19,0,13
883,27,19,0x0cf1f90aeefa06fa03fe08ff04fe11f9,12,-15,-7,10,-18,-6,6,-6,3,-2,8,-1,4,-2,17,-7
884,27,20,0xf206f8f4f504041203f30a0613faec0e,-14,6,-8,-12,-11,4,4,18,3,-13,10,6,19,-6,-20,14
885,27,21,0xfff2fcf208fc12fa09f4000af6efef02,-1,-14,-4,-14,8,-4,18,-6,9,-12,0,10,-10,-17,-17,2
886,27,22,0xf0ff11f7f31013080204030c03f0f005,-16,-1,17,-9,-13,16,19,8,2,4,3,12,3,-16,-16,5
887,27,23,0x040af10f0bfff0f2ecf010fd11ff03f0,4,10,-15,15,11,-1,-16,-14,-20,-16,16,-3,17,-1,3,-16
888,27,24,0x0f10ee02ed100ef50ffdf100fd0df40d,15,16,-18,2,-19,16,14,-11,15,-3,-15,0,-3,13,-12,13
889,27,25,0xf30afcf7070701f11405eced040dfef8,-13,10,-4,-9,7,7,1,-15,20,5,-20,-19,4,13,-2,-8
890,27,26,0x0bfc0709fcf3f601ee0dfb10f8fcff12,11,-4,7,9,-4,-13,-10,1,-18,13,-5,16,-8,-4,-1,18
891,27,27,0x06ed09fb0d0d0901f1ef000f1013ebf1,6,-19,9,-5,13,13,9,1,-15,-17,0,15,16,19,-21,-15
892,27,28,0xf6ff0205f2ef08f7effa0afc03f61107,-10,-1,2,5,-14,-17,8,-9,-17,-6,10,-4,3,-10,17,7
893,27,29,0xfc03f4fa17ef0b0ef2f8fb0a040509f0,-4,3,-12,-6,23,-17,11,14,-14,-8,-5,10,4,5,9,-16
894,27,30,0x010af0fa06f3ef0d12fefd07f8f1030a,1,10,-16,-6,6,-13,-17,13,18,-2,-3,7,-8,-15,3,10
895,27,31,0xf114fd04ed01f113fc080efa1107f40e,-15,20,-3,4,-19,1,-15,19,-4,8,14,-6,17,7,-12,14
896,28,0,0x08fff7fa0102080e0e1016ee0dfef108,8,-1,-9,-6,1,2,8,14,14,16,22,-18,13,-2,-15,8
897,28,1,0xff12f80c0ff00b0210f3f701f1f7fcfa,-1,18,-8,12,15,-16,11,2,16,-13,-9,1,-15,-9,-4,-6
898,28,2,0xf709eaf9030f010701fef0fa0eed0808,-9,9,-22,-7,3,15,1,7,1,-2,-16,-6,14,-19,8,8
899,28,3,0x0cf405f40d09f611f40504efed08faf2,12,-12,5,-12,13,9,-10,17,-12,5,4,-17,-19,8,-6,-14
900,28,4,0xf400f305ffeff30ef20f0005fefe0e0b,-12,0,-13,5,-1,-17,-13,14,-14,15,0,5,-2,-2,14,11
901,28,5,0x04fcfa01f70b0aef1110f909fb0ff6fe,4,-4,-6,1,-9,11,10,-17,17,16,-7,9,-5,15,-10,-2
902,28,6,0xf011ee120409fafffc0709010df80308,-16,17,-18,18,4,9,-6,-1,-4,7,9,1,13,-8,3,8
903,28,7,0x0d02fbf1f411130c0a0f07ef10f81201,13,2,-5,-15,-12,17,19,12,10,15,7,-17,16,-8,18,1
904,28,8,0xf8fd09f3f0f7f4130413f0eff211f2f6,-8,-3,9,-13,-16,-9,-12,19,4,19,-16,-17,-14,17,-14,-10
905,28,9,0xeff1f8f812eefe0d0c11110a010208f0,-17,-15,-8,-8,18,-18,-2,13,12,17,17,10,1,2,8,-16
906,28,10,0xe8f50104ef0e01071408f8f40d11ef0b,-24,-11,1,4,-17,14,1,7,20,8,-8,-12,13,17,-17,11
907,28,11,0x0113050df3f40911effb0c07f1f5f7fa,1,19,5,13,-13,-12,9,17,-17,-5,12,7,-15,-11,-9,-6
908,28,12,0xf50802061204eff7fbf8fb11f7f3fd05,-11,8,2,6,18,4,-17,-9,-5,-8,-5,17,-9,-13,-3,5
909,28,13,0x03fefef2fb0702feef15f2faf9030af6,3,-2,-2,-14,-5,7,2,-2,-17,21,-14,-6,-7,3,10,-10
910,28,14,0x0c0815f003ff0c0ef0fa080af5f2f2f1,12,8,21,-16,3,-1,12,14,-16,-6,8,10,-11,-14,-14,-15
911,28,15,0x0e010b0df40707f315ff0b0e0bfafa0e,14,1,11,13,-12,7,7,-13,21,-1,11,14,11,-6,-6,14
912,28,16,0x0cee12fe06ee0410ee0ff6faf8f8f513,12,-18,18,-2,6,-18,4,16,-18,15,-10,-6,-8,-8,-11,19
913,28,17,0x0908f80e13f0f2f20f100af8f60b0f05,9,8,-8,14,19,-16,-14,-14,15,16,10,-8,-10,11,15,5
914,28,18,0x0ced01f2020b0f0dfc050a020010effb,12,-19,1,-14,2,11,15,13,-4,5,10,2,0,16,-17,-5
915,28,19,0x0bf912ebf6f40006f8f407ef0ff8f7f4,11,-7,18,-21,-10,-12,0,6,-8,-12,7,-17,15,-8,-9,-12
916,28,20,0x0c00ffff0cfdfd0bfe0ff30b05eff3ed,12,0,-1,-1,12,-3,-3,11,-2,15,-13,11,5,-17,-13,-19
917,28,21,0x0e0e04eb101305eef2f3f7edef08f305,14,14,4,-21,16,19,5,-18,-14,-13,-9,-19,-17,8,-13,5
918,28,22,0xef0e0b0d11ee04f612f0f4ecf5feec0e,-17,14,11,13,17,-18,4,-10,18,-16,-12,-20,-11,-2,-20,14
919,28,23,0xf6f0f1fb12fa00f60700f9f2f4ff0f03,-10,-16,-15,-5,18,-6,0,-10,7,0,-7,-14,-12,-1,15,3
920,28,24,0x01f6f20e0cef1104ff1013f4f403f3fc,1,-10,-14,14,12,-17,17,4,-1,16,19,-12,-12,3,-13,-4
921,28,25,0x0f07fff7ee0cfc110afd1006fa18eef8,15,7,-1,-9,-18,12,-4,17,10,-3,16,6,-6,24,-18,-8
922,28,26,0x0803fcf9f903fffdf4f8f900fb0dfff6,8,3,-4,-7,-7,3,-1,-3,-12,-8,-7,0,-5,13,-1,-10
923,28,27,0x0d010efd09fd07f9ee09fff0f5070c10,13,1,14,-3,9,-3,7,-7,-18,9,-1,-16,-11,7,12,16
924,28,28,0xf0f00b03ff1305f2f5eefef106ea0f03,-16,-16,11,3,-1,19,5,-14,-11,-18,-2,-15,6,-22,15,3
925,28,29,0x07fc0bfa01fa0df3ee0ef7120d0213ef,7,-4,11,-6,1,-6,13,-13,-18,14,-9,18,13,2,19,-17
926,28,30,0x0b0cf9fdfefaef0dfef209fd0fed0204,11,12,-7,-3,-2,-6,-17,13,-2,-14,9,-3,15,-19,2,4
927,28,31,0xf51201fdfff5f2010500100c000d1102,-11,18,1,-3,-1,-11,-14,1,5,0,16,12,0,13,17,2
928,29,0,0x0111edf0f3ef04f1f9020a0e0ef10cf6,1,17,-19,-16,-13,-17,4,-15,-7,2,10,14,14,-15,12,-10
929,29,1,0xedfb02f4050d0e0012fcfe030d05f609,-19,-5,2,-12,5,13,14,0,18,-4,-2,3,13,5,-10,9
930,29,2,0xfb0002f80a02fcfefdf40401ef0605f5,-5,0,2,-8,10,2,-4,-2,-3,-12,4,1,-17,6,5,-11
931,29,3,0xf7fb01ff071302f20c000cf3f5ecfc04,-9,-5,1,-1,7,19,2,-14,12,0,12,-13,-11,-20,-4,4
932,29,4,0x08f41205f4000c02f914faef10f40cf2,8,-12,18,5,-12,0,12,2,-7,20,-6,-17,16,-12,12,-14
933,29,5,0xf60102f00708070606fa12f503fb0efd,-10,1,2,-16,7,8,7,6,6,-6,18,-11,3,-5,14,-3
934,29,6,0x0cf2edf313ef0311ff01f10a05110c06,12,-14,-19,-13,19,-17,3,17,-1,1,-15,10,5,17,12,6
935,29,7,0x05fa03fefc0002f207060b0efdf9f6f0,5,-6,3,-2,-4,0,2,-14,7,6,11,14,-3,-7,-10,-16
936,29,8,0x01f1090208f9f6fd03feedfaf8f3fcf0,1,-15,9,2,8,-7,-10,-3,3,-2,-19,-6,-8,-13,-4,-16
937,29,9,0x0d1106ef08ec1214f3f7f9030706f306,13,17,6,-17,8,-20,18,20,-13,-9,-7,3,7,6,-13,6
938,29,10,0xef090eff120806edf80cf8f5fa0c1500,-17,9,14,-1,18,8,6,-19,-8,12,-8,-11,-6,12,21,0
939,29,11,0x09f40c01f8f300fafa0c0801f20a12ed,9,-12,12,1,-8,-13,0,-6,-6,12,8,1,-14,10,18,-19
940,29,12,0xeb070b1012f7fdfe06070f0705f6fa05,-21,7,11,16,18,-9,-3,-2,6,7,15,7,5,-10,-6,5
941,29,13,0xf8ecfc11eef70b11fefb0614ed1002ea,-8,-20,-4,17,-18,-9,11,17,-2,-5,6,20,-19,16,2,-22
942,29,14,0x0cf80ff103110a081104e7160306f4f4,12,-8,15,-15,3,17,10,8,17,4,-25,22,3,6,-12,-12
943,29,15,0xed0af7f5f70ff6fd0a00090108f4110f,-19,10,-9,-11,-9,15,-10,-3,10,0,9,1,8,-12,17,15
944,29,16,0xef11fc09fefd0709fdf8eff712010303,-17,17,-4,9,-2,-3,7,9,-3,-8,-17,-9,18,1,3,3
945,29,17,0x04f6eff5fc0ff4faeff3f607040cfe08,4,-10,-17,-11,-4,15,-12,-6,-17,-13,-10,7,4,12,-2,8
946,29,18,0xf90afd1100f100ed07fcf5fa0dee0207,-7,10,-3,17,0,-15,0,-19,7,-4,-11,-6,13,-18,2,7
947,29,19,0xff0e00f4f40df70ef3f2effefc0c1206,-1,14,0,-12,-12,13,-9,14,-13,-14,-17,-2,-4,12,18,6
948,29,20,0xf1f7fdf804fc1008fd09f30411fcedfd,-15,-9,-3,-8,4,-4,16,8,-3,9,-13,4,17,-4,-19,-3
949,29,21,0xf41005f603f605f011fa0bf2f7f2edf8,-12,16,5,-10,3,-10,5,-16,17,-6,11,-14,-9,-14,-19,-8
950,29,22,0x0013fbfa02fa0c06ff0811f6f805f6f9,0,19,-5,-6,2,-6,12,6,-1,8,17,-10,-8,5,-10,-7
951,29,23,0xf507f6ea05fcfbf703f614130e01f115,-11,7,-10,-22,5,-4,-5,-9,3,-10,20,19,14,1,-15,21
952,29,24,0x10f4fefd08f9ed0ef0f0faf8f0fa08fa,16,-12,-2,-3,8,-7,-19,14,-16,-16,-6,-8,-16,-6,8,-6
953,29,25,0xef07f5fff2f6fb0300ec0f0701f1f200,-17,7,-11,-1,-14,-10,-5,3,0,-20,15,7,1,-15,-14,0
954,29,26,0x0810f90af80d0afbfaf40eec1014fc10,8,16,-7,10,-8,13,10,-5,-6,-12,14,-20,16,20,-4,16
955,29,27,0x0b03ee07fffdec0103ed00080bfaea06,11,3,-18,7,-1,-3,-20,1,3,-19,0,8,11,-6,-22,6
956,29,28,0xfff2f3fb050ef8f0f4fbfa02070a06f6,-1,-14,-13,-5,5,14,-8,-16,-12,-5,-6,2,7,10,6,-10
957,29,29,0xfb08f6110b0d040fee11f2030af3fcfb,-5,8,-10,17,11,13,4,15,-18,17,-14,3,10,-13,-4,-5
958,29,30,0x000713fef8f0f5feea00f1060c0df3f4,0,7,19,-2,-8,-16,-11,-2,-22,0,-15,6,12,13,-13,-12
959,29,31,0x0005f8eef5fbf0fe0ef9040ef6efee0f,0,5,-8,-18,-11,-5,-16,-2,14,-7,4,14,-10,-17,-18,15
960,30,0,0x0d0b1310fe11f6f70614f312031009fe,13,11,19,16,-2,17,-10,-9,6,20,-13,18,3,16,9,-2
961,30,1,0xf1090e0b06ef07fdfaf4eef7f2070d09,-15,9,14,11,6,-17,7,-3,-6,-12,-18,-9,-14,7,13,9
962,30,2,0xfb12f50befee0b0ef61100f402edf708,-5,18,-11,11,-17,-18,11,14,-10,17,0,-12,2,-19,-9,8
963,30,3,0xf612f30bf6f610080d0efdfffcff040a,-10,18,-13,11,-10,-10,16,8,13,14,-3,-1,-4,-1,4,10
964,30,4,0xf402090212ff12fd0bfb0010effd07f2,-12,2,9,2,18,-1,18,-3,11,-5,0,16,-17,-3,7,-14
965,30,5,0xf9000c15f3fcf4f00bf80ffef1fff5ff,-7,0,12,21,-13,-4,-12,-16,11,-8,15,-2,-15,-1,-11,-1
966,30,6,0xf8f60500f9f4fe11040514f1fc010800,-8,-10,5,0,-7,-12,-2,17,4,5,20,-15,-4,1,8,0
967,30,7,0x000b030514f9fbf30207f80efbfc0cf3,0,11,3,5,20,-7,-5,-13,2,7,-8,14,-5,-4,12,-13
968,30,8,0x11f901faf5f503ff0b01ef0e080f0402,17,-7,1,-6,-11,-11,3,-1,11,1,-17,14,8,15,4,2
969,30,9,0xf113fd000cf213fffbfafd0cf40f0eec,-15,19,-3,0,12,-14,19,-1,-5,-6,-3,12,-12,15,14,-20
970,30,10,0x0bf8fd030105eff0f2fe030e040e0f0e,11,-8,-3,3,1,5,-17,-16,-14,-2,3,14,4,14,15,14
971,30,11,0xf4f903f8ec0a110deff0090ff0f311fe,-12,-7,3,-8,-20,10,17,13,-17,-16,9,15,-16,-13,17,-2
972,30,12,0x02f7040d0ff70e12fc0af608f5f2ef09,2,-9,4,13,15,-9,14,18,-4,10,-10,8,-11,-14,-17,9
973,30,13,0xf0f4ed0b0d0d0ffbfe060afcf405f50b,-16,-12,-19,11,13,13,15,-5,-2,6,10,-4,-12,5,-11,11
974,30,14,0x0ffd0208f5fffd060af7fc0d050502f6,15,-3,2,8,-11,-1,-3,6,10,-9,-4,13,5,5,2,-10
975,30,15,0x0c10ed000307000209eef7fc0bf2faf9,12,16,-19,0,3,7,0,2,9,-18,-9,-4,11,-14,-6,-7
976,30,16,0x0801f307eef3fa00ee0f01f9ee030df4,8,1,-13,7,-18,-13,-6,0,-18,15,1,-7,-18,3,13,-12
977,30,17,0xf00f0813f4eef6f4f11007fcf70d0102,-16,15,8,19,-12,-18,-10,-12,-15,16,7,-4,-9,13,1,2
978,30,18,0xf9f0ef05eff4f3eb040f100c07f60bf2,-7,-16,-17,5,-17,-12,-13,-21,4,15,16,12,7,-10,11,-14
979,30,19,0x08f00c06f703ed0a11ed030e13fef6f6,8,-16,12,6,-9,3,-19,10,17,-19,3,14,19,-2,-10,-10
980,30,20,0xf901fcf7fff90d1510fb120007f10aff,-7,1,-4,-9,-1,-7,13,21,16,-5,18,0,7,-15,10,-1
981,30,21,0x01f712fdf3f20e1305f3edf808f1fc02,1,-9,18,-3,-13,-14,14,19,5,-13,-19,-8,8,-15,-4,2
982,30,22,0x020100eeec0a09effc0805faececf70e,2,1,0,-18,-20,10,9,-17,-4,8,5,-6,-20,-20,-9,14
983,30,23,0xf9f508f70ffff10605f8100f0a0dfd10,-7,-11,8,-9,15,-1,-15,6,5,-8,16,15,10,13,-3,16
984,30,24,0x08fef8f7060ef90cffff010f10130003,8,-2,-8,-9,6,14,-7,12,-1,-1,1,15,16,19,0,3
985,30,25,0xf5f9f314fb05fe07020af1f6fbfe09ef,-11,-7,-13,20,-5,5,-2,7,2,10,-15,-10,-5,-2,9,-17
986,30,26,0x08f9ee11131015f4edfb03f904f20801,8,-7,-18,17,19,16,21,-12,-19,-5,3,-7,4,-14,8,1
987,30,27,0x0bf713ee0af40e000d01f40b1410ffec,11,-9,19,-18,10,-12,14,0,13,1,-12,11,20,16,-1,-20
988,30,28,0xf5f80af2f5f5f3fc10f9fdf20ffa120a,-11,-8,10,-14,-11,-11,-13,-4,16,-7,-3,-14,15,-6,18,10
989,30,29,0xf5ecfa1406f1f6fd0a0911f5fe0d080c,-11,-20,-6,20,6,-15,-10,-3,10,9,17,-11,-2,13,8,12
990,30,30,0xf5eefd1002fc090fecf70c0702f0f801,-11,-18,-3,16,2,-4,9,15,-20,-9,12,7,2,-16,-8,1
991,30,31,0xecf4f8fafcf20011ebf60bef01f9f809,-20,-12,-8,-6,-4,-14,0,17,-21,-10,11,-17,1,-7,-8,9
992,31,0,0xf211f3fc15f20cfdfef8f2ff06faf604,-14,17,-13,-4,21,-14,12,-3,-2,-8,-14,-1,6,-6,-10,4
993,31,1,0xfaee0403080af5001102f10909ff0205,-6,-18,4,3,8,10,-11,0,17,2,-15,9,9,-1,2,5
994,31,2,0x110efe03f812fbfb040d0b0ff506f909,17,14,-2,3,-8,18,-5,-5,4,13,11,15,-11,6,-7,9
995,31,3,0x04090911ff0b0112f1000eedfc06f500,4,9,9,17,-1,11,1,18,-15,0,14,-19,-4,6,-11,0
996,31,4,0x00ecf7fe14f2ff05f7fdf108ff0bfff0,0,-20,-9,-2,20,-14,-1,5,-9,-3,-15,8,-1,11,-1,-16
997,31,5,0x06030bf5ef010f14f3f20a0112ff09fc,6,3,11,-11,-17,1,15,20,-13,-14,10,1,18,-1,9,-4
998,31,6,0xed0ffc0504ee10f70ff9faf303f4f903,-19,15,-4,5,4,-18,16,-9,15,-7,-6,-13,3,-12,-7,3
999,31,7,0x01f301f21015f7f2fff80befffff020c,1,-13,1,-14,16,21,-9,-14,-1,-8,11,-17,-1,-1,2,12
1000,31,8,0xf70cf1f70ff30e0b10f405ff020d10f2,-9,12,-15,-9,15,-13,14,11,16,-12,5,-1,2,13,16,-14
1001,31,9,0xecf00507f908f1f6fa15101210fbf5fd,-20,-16,5,7,-7,8,-15,-10,-6,21,16,18,16,-5,-11,-3
1002,31,10,0x05ff07060f130bf5f009150f13f910f2,5,-1,7,6,15,19,11,-11,-16,9,21,15,19,-7,16,-14
1003,31,11,0x0c090f0cf6fd0f101701f9f8ed04fc06,12,9,15,12,-10,-3,15,16,23,1,-7,-8,-19,4,-4,6
1004,31,12,0x0205f912110704fb03fcf5120d0a07ee,2,5,-7,18,17,7,4,-5,3,-4,-11,18,13,10,7,-18
1005,31,13,0x05000cfdfcfff1f8000d03fbf0ff0910,5,0,12,-3,-4,-1,-15,-8,0,13,3,-5,-16,-1,9,16
1006,31,14,0xf4fcf9f80aef0a1002fd08ff10f9fa0b,-12,-4,-7,-8,10,-17,10,16,2,-3,8,-1,16,-7,-6,11
1007,31,15,0x02140a130af306f3fbf9f3f2f0f801ff,2,20,10,19,10,-13,6,-13,-5,-7,-13,-14,-16,-8,1,-1
1008,31,16,0x120c0807120d0b0704ee00f9f5f5f7ec,18,12,8,7,18,13,11,7,4,-18,0,-7,-11,-11,-9,-20
1009,31,17,0xf7ed010bf7f40b0e0ff0f6f80b0c0e05,-9,-19,1,11,-9,-12,11,14,15,-16,-10,-8,11,12,14,5
1010,31,18,0x00f2feff0c1313170cfb060000f11302,0,-14,-2,-1,12,19,19,23,12,-5,6,0,0,-15,19,2
1011,31,19,0x01040efaf1fff30efcef0605f9130bf2,1,4,14,-6,-15,-1,-13,14,-4,-17,6,5,-7,19,11,-14
1012,31,20,0xfd05f3f3fbeffd1100f80df200f70de9,-3,5,-13,-13,-5,-17,-3,17,0,-8,13,-14,0,-9,13,-23
1013,31,21,0xf30e00eff70b09ff0e0f08f3f602f1f2,-13,14,0,-17,-9,11,9,-1,14,15,8,-13,-10,2,-15,-14
1014,31,22,0xfc11fef0f400fbf1010f04effe0b07f1,-4,17,-2,-16,-12,0,-5,-15,1,15,4,-17,-2,11,7,-15
1015,31,23,0xf20506e903f0f406f10a0c09f4fc11ff,-14,5,6,-23,3,-16,-12,6,-15,10,12,9,-12,-4,17,-1
1016,31,24,0xf313fa05f1f7f408f0ff00f8f5170211,-13,19,-6,5,-15,-9,-12,8,-16,-1,0,-8,-11,23,2,17
1017,31,25,0xf7fbffeefdf706fc1314f3ee09f9f7fe,-9,-5,-1,-18,-3,-9,6,-4,19,20,-13,-18,9,-7,-9,-2
1018,31,26,0xf0f504ed05f209fff2000afe080bfdf8,-16,-11,4,-19,5,-14,9,-1,-14,0,10,-2,8,11,-3,-8
1019,31,27,0xfb0e0810fa12f1f7feed02ef0b080af1,-5,14,8,16,-6,18,-15,-9,-2,-19,2,-17,11,8,10,-15
1020,31,28,0xf41408fef0130816fe090c0c0cfcfcf0,-12,20,8,-2,-16,19,8,22,-2,9,12,12,12,-4,-4,-16
1021,31,29,0xfaf604f5ec08f0f7f007f40afe051016,-6,-10,4,-11,-20,8,-16,-9,-16,7,-12,10,-2,5,16,22
1022,31,30,0xff04020205fffc03effff90efb0af0f3,-1,4,2,2,5,-1,-4,3,-17,-1,-7,14,-5,10,-16,-13
1023,31,31,0xf3fcf9eff40e0df5fbfaff10fd12100d,-13,-4,-7,-17,-12,14,13,-11,-5,-6,-1,16,-3,18,16,13
